,CarName,city,Fuel_type,car_price,body_type,transmission,seller_type,owner_type,color,Year,Brand,Fuel_used,km_driven
0,2016 Honda City V MT,kolkata,55000 km•  Petrol•   Council House Street,6.25,sedan,manual,dealer,first-owner,white,['2016'],['Honda'],['Petrol'],['55000']
1,2016 Honda City i VTEC SV,kolkata,55161 km•  Petrol•   Kasba,5.75,sedan,manual,dealer,first-owner,white,['2016'],['Honda'],['Petrol'],['55161']
2,2017 Honda City i-VTEC V,kolkata,20000 km•  Petrol•   Council House Street,7.5,sedan,manual,dealer,first-owner,white,['2017'],['Honda'],['Petrol'],['20000']
3,2014 Toyota Corolla Altis 1.8 J,kolkata,42000 km•  Petrol•   Council House Street,5.95,sedan,manual,dealer,first-owner,white,['2014'],['Toyota'],['Petrol'],['42000']
4,2017 Honda City VX MT,kolkata,18000 km•  Petrol•   Salt Lake City,9.25,sedan,manual,dealer,first-owner,white,['2017'],['Honda'],['Petrol'],['18000']
5,2012 Toyota Etios GD,kolkata,38000 km•  Diesel•   Kalighat,2.69,sedan,manual,dealer,first-owner,white,['2012'],['Toyota'],['Diesel'],['38000']
6,2017 Honda City i-DTEC V,kolkata,47100 km•  Diesel•   Vaishya Sabha,7.49,sedan,manual,dealer,first-owner,white,['2017'],['Honda'],['Diesel'],['47100']
7,2012 Hyundai Verna 1.6 CRDI,kolkata,60000 km•  Diesel•   Kalikapur,3.89,sedan,manual,dealer,first-owner,white,['2012'],['Hyundai'],['Diesel'],['60000']
8,2016 Honda City i VTEC V,kolkata,55000 km•  Petrol•   Northern Avenue,6.25,sedan,manual,dealer,first-owner,white,['2016'],['Honda'],['Petrol'],['55000']
9,2015 Maruti Swift Dzire VXI Optional,kolkata,30000 km•  Petrol•   Jadavgarh,4.75,sedan,manual,dealer,first-owner,white,['2015'],['Maruti'],['Petrol'],['30000']
10,2014 Honda Amaze S i-VTEC,kolkata,32687 km•  Petrol•   Kalikapur,3.75,sedan,manual,dealer,first-owner,white,['2014'],['Honda'],['Petrol'],['32687']
11,2017 Honda City i DTEC V,kolkata,47000 km•  Diesel•   Vaishya Sabha,7.49,sedan,manual,dealer,first-owner,white,['2017'],['Honda'],['Diesel'],['47000']
12,2019 Honda Amaze S i-DTEC,kolkata,43000 km•  Diesel•   Vaishya Sabha,5.99,sedan,manual,dealer,first-owner,white,['2019'],['Honda'],['Diesel'],['43000']
13,2019 Honda City i DTec VX,kolkata,8032 km•  Diesel•   Kolkatta GPO,12.25,sedan,manual,dealer,first-owner,white,['2019'],['Honda'],['Diesel'],['8032']
14,2017 Honda City VX MT,kolkata,27000 km•  Petrol•   Ballygunge,8.75,sedan,manual,dealer,first-owner,white,['2017'],['Honda'],['Petrol'],['27000']
15,2017 Honda City VX MT,kolkata,14000 km•  Petrol•   Kolkatta GPO,8.75,sedan,manual,dealer,first-owner,white,['2017'],['Honda'],['Petrol'],['14000']
16,2017 Honda City VX MT,kolkata,38980 km•  Petrol•   Kolkatta GPO,8.5,sedan,manual,dealer,first-owner,white,['2017'],['Honda'],['Petrol'],['38980']
17,2010 Maruti Swift Dzire Vdi BSIV,kolkata,67000 km•  Diesel•   Kalighat,2.75,sedan,manual,dealer,first-owner,white,['2010'],['Maruti'],['Diesel'],['67000']
18,2019 Hyundai Verna 1.6 CRDi SX,kolkata,9000 km•  Diesel•   Ballygunge,9.75,sedan,manual,dealer,first-owner,white,['2019'],['Hyundai'],['Diesel'],['9000']
19,2016 Honda City i DTEC SV,kolkata,45000 km•  Diesel•   New Alipore,5.65,sedan,manual,dealer,first-owner,white,['2016'],['Honda'],['Diesel'],['45000']
20,2015 Honda City i VTEC V,kolkata,57000 km•  Petrol,6,sedan,manual,individual,first-owner,white,['2015'],['Honda'],['Petrol'],['57000']
21,2017 Maruti Swift Dzire LDI,kolkata,15322 km•  Diesel,6.6,sedan,manual,individual,first-owner,white,['2017'],['Maruti'],['Diesel'],['15322']
22,2018 Hyundai Xcent 1.2 CRDi E,kolkata,70000 km•  Diesel,4.5,sedan,manual,individual,first-owner,white,['2018'],['Hyundai'],['Diesel'],['70000']
23,2011 Toyota Etios VX,kolkata,60000 km•  Petrol,3.5,sedan,manual,individual,first-owner,white,['2011'],['Toyota'],['Petrol'],['60000']
24,2018 Maruti Swift Dzire LDI,kolkata,90000 km•  Diesel,5,sedan,manual,individual,first-owner,white,['2018'],['Maruti'],['Diesel'],['90000']
25,2018 Honda Amaze E Option i-DTEC,kolkata,70000 km•  Diesel,4.5,sedan,manual,individual,first-owner,white,['2018'],['Honda'],['Diesel'],['70000']
26,2013 Mahindra Verito 1.5 D6 BSIV,kolkata,30000 km•  Diesel,4.5,sedan,manual,individual,first-owner,white,['2013'],['Mahindra'],['Diesel'],['30000']
27,2017 Tata Zest Quadrajet 1.3 75PS XE,kolkata,70000 km•  Diesel,3.5,sedan,manual,individual,first-owner,white,['2017'],['Tata'],['Diesel'],['70000']
28,2015 Hyundai Xcent 1.1 CRDi Base,kolkata,135000 km•  Diesel,2.5,sedan,manual,individual,second-owner,white,['2015'],['Hyundai'],['Diesel'],['135000']
29,2015 Hyundai Verna 1.6 SX VTVT (O),kolkata,42000 km•  Petrol•   Salt Lake City,5.25,sedan,manual,dealer,first-owner,silver,['2015'],['Hyundai'],['Petrol'],['42000']
30,2017 Hyundai Verna 1.4 VTVT,kolkata,19178 km•  Petrol•   Kasba,5.75,sedan,manual,dealer,first-owner,silver,['2017'],['Hyundai'],['Petrol'],['19178']
31,2016 Maruti Swift Dzire VDI,kolkata,80171 km•  Diesel•   Kasba,5,sedan,manual,dealer,first-owner,silver,['2016'],['Maruti'],['Diesel'],['80171']
32,2014 Hyundai Verna 1.6 SX VTVT (O),kolkata,46500 km•  Petrol•   Northern Avenue,5,sedan,manual,dealer,first-owner,silver,['2014'],['Hyundai'],['Petrol'],['46500']
33,2014 Maruti Swift Dzire VXi,kolkata,45000 km•  Petrol•   Kalikapur,3.99,sedan,manual,dealer,first-owner,silver,['2014'],['Maruti'],['Petrol'],['45000']
34,2014 Hyundai Verna 1.4 VTVT GL,kolkata,45000 km•  Petrol•   Ballygunge,4.5,sedan,manual,dealer,first-owner,silver,['2014'],['Hyundai'],['Petrol'],['45000']
35,2015 Honda City i VTEC S,kolkata,53617 km•  Petrol•   Kolkatta GPO,6,sedan,manual,dealer,first-owner,silver,['2015'],['Honda'],['Petrol'],['53617']
36,2014 Honda Amaze S Diesel,kolkata,44000 km•  Diesel•   Garia BT,3.73,sedan,manual,dealer,first-owner,silver,['2014'],['Honda'],['Diesel'],['44000']
37,2012 Volkswagen Vento 1.6 Comfortline BSIV,kolkata,52000 km•  Petrol•   New Alipore,2.99,sedan,manual,dealer,first-owner,silver,['2012'],['Volkswagen'],['Petrol'],['52000']
38,2012 Honda City 1.5 E MT,kolkata,29427 km•  Petrol•   Kalikapur,3.85,sedan,manual,dealer,first-owner,silver,['2012'],['Honda'],['Petrol'],['29427']
39,2015 Honda City i DTec VX Option,kolkata,45000 km•  Diesel•   Ballygunge,6.5,sedan,manual,dealer,first-owner,silver,['2015'],['Honda'],['Diesel'],['45000']
40,2016 Ford Figo Aspire Titanium Diesel BSIV,kolkata,65000 km•  Diesel•   Entally,4.41,sedan,manual,dealer,first-owner,silver,['2016'],['Ford'],['Diesel'],['65000']
41,2003 Honda City 1.3 DX,kolkata,80000 km•  Petrol•   Ramkrishna Park,1,sedan,manual,dealer,first-owner,silver,['2003'],['Honda'],['Petrol'],['80000']
42,2009 Maruti Swift Dzire VDI,kolkata,65000 km•  Diesel•   Entally,2.65,sedan,manual,dealer,first-owner,silver,['2009'],['Maruti'],['Diesel'],['65000']
43,2015 Honda City i VTEC S,kolkata,58161 km•  Petrol•   Kasba,5,sedan,manual,dealer,first-owner,silver,['2015'],['Honda'],['Petrol'],['58161']
44,2015 Hyundai Verna S,kolkata,60000 km•  Petrol•   Council House Street,4.85,sedan,manual,dealer,first-owner,silver,['2015'],['Hyundai'],['Petrol'],['60000']
45,2010 Hyundai Accent Gvs,kolkata,58000 km•  Petrol•   Kalighat,1.45,sedan,manual,dealer,first-owner,silver,['2010'],['Hyundai'],['Petrol'],['58000']
46,2006 Maruti Esteem Vxi,kolkata,85000 km•  Petrol•   Bonhooghly,75000,sedan,manual,dealer,first-owner,silver,['2006'],['Maruti'],['Petrol'],['85000']
47,2013 Volkswagen Vento Diesel Highline,kolkata,58000 km•  Diesel•   Vaishya Sabha,2.99,sedan,manual,dealer,first-owner,silver,['2013'],['Volkswagen'],['Diesel'],['58000']
48,2017 Maruti Swift Dzire VXI Optional,kolkata,23000 km•  Petrol•   Ballygunge,5.25,sedan,manual,dealer,first-owner,silver,['2017'],['Maruti'],['Petrol'],['23000']
49,2016 Hyundai Verna 1.6 VTVT SX,kolkata,11000 km•  Petrol,7.45,sedan,manual,individual,first-owner,silver,['2016'],['Hyundai'],['Petrol'],['11000']
50,2013 Maruti Swift Dzire VXI,kolkata,25000 km•  Petrol,4.5,sedan,manual,individual,first-owner,silver,['2013'],['Maruti'],['Petrol'],['25000']
51,2011 Maruti Swift Dzire Vdi BSIV,kolkata,91551 km•  Diesel,2.78,sedan,manual,individual,first-owner,silver,['2011'],['Maruti'],['Diesel'],['91551']
52,2011 Toyota Corolla Altis D-4D G,kolkata,65000 km•  Diesel•   New Alipore,3.25,sedan,manual,dealer,second-owner,silver,['2011'],['Toyota'],['Diesel'],['65000']
53,2010 Tata Indigo LS (TDI) BS III,kolkata,70000 km•  Diesel,1.5,sedan,manual,individual,second-owner,silver,['2010'],['Tata'],['Diesel'],['70000']
54,2015 Hyundai Elantra 2.0 SX Option,kolkata,50000 km•  Petrol•   Council House Street,6.99,sedan,manual,dealer,first-owner,red,['2015'],['Hyundai'],['Petrol'],['50000']
55,2015 Honda Amaze S i-Dtech,kolkata,80171 km•  Diesel•   Kasba,3.75,sedan,manual,dealer,first-owner,red,['2015'],['Honda'],['Diesel'],['80171']
56,2020 Hyundai Verna CRDi 1.6 SX Option,kolkata,101 km•  Diesel•   Kalighat,11,sedan,manual,dealer,first-owner,red,['2020'],['Hyundai'],['Diesel'],['101']
57,2018 Honda Amaze VX Diesel,kolkata,36951 km•  Diesel•   Kolkatta GPO,7.8,sedan,manual,dealer,first-owner,red,['2018'],['Honda'],['Diesel'],['36951']
58,2017 Honda City i VTEC VX Option,kolkata,38000 km•  Petrol•   Kalighat,7.2,sedan,manual,dealer,first-owner,red,['2017'],['Honda'],['Petrol'],['38000']
59,2015 Hyundai Xcent 1.2 VTVT E,kolkata,26000 km•  Petrol•   Kolkata Airport Po,3.49,sedan,manual,dealer,first-owner,red,['2015'],['Hyundai'],['Petrol'],['26000']
60,2018 Hyundai Xcent 1.2 VTVT SX,kolkata,21000 km•  Petrol,5.5,sedan,manual,individual,first-owner,red,['2018'],['Hyundai'],['Petrol'],['21000']
61,2017 Hyundai Verna 1.4 VTVT,kolkata,15000 km•  Petrol,6.95,sedan,manual,individual,first-owner,red,['2017'],['Hyundai'],['Petrol'],['15000']
62,2018 Hyundai Verna VTVT 1.4 E,kolkata,14000 km•  Petrol,8,sedan,manual,individual,first-owner,red,['2018'],['Hyundai'],['Petrol'],['14000']
63,2012 Toyota Etios VXD,kolkata,64000 km•  Diesel•   Bonhooghly,2.89,sedan,manual,dealer,first-owner,blue,['2012'],['Toyota'],['Diesel'],['64000']
64,2015 Hyundai Xcent 1.1 CRDi S Option,kolkata,38000 km•  Diesel•   Northern Avenue,3.69,sedan,manual,dealer,first-owner,blue,['2015'],['Hyundai'],['Diesel'],['38000']
65,2014 Honda Amaze S i-DTEC,kolkata,34264 km•  Diesel•   Kalikapur,4.25,sedan,manual,dealer,first-owner,blue,['2014'],['Honda'],['Diesel'],['34264']
66,2018 Maruti Ciaz Alpha 1.5,kolkata,19000 km•  Diesel•   Salt Lake City,7.5,sedan,manual,dealer,first-owner,blue,['2018'],['Maruti'],['Diesel'],['19000']
67,2010 Volkswagen Jetta 1.6 Trendline,kolkata,39256 km•  Petrol•   Salt Lake City,2.19,sedan,manual,dealer,first-owner,blue,['2010'],['Volkswagen'],['Petrol'],['39256']
68,2018 Tata Tigor 1.2 Revotron XZ Option,kolkata,15572 km•  Petrol•   Kolkatta GPO,6,sedan,manual,dealer,first-owner,blue,['2018'],['Tata'],['Petrol'],['15572']
69,2013 Nissan Sunny Diesel XV,kolkata,45000 km•  Diesel•   Ballygunge,3.25,sedan,manual,dealer,first-owner,blue,['2013'],['Nissan'],['Diesel'],['45000']
70,2016 Volkswagen Ameo 1.5 TDI Highline,kolkata,28641 km•  Diesel•   Beleghata,5.35,sedan,manual,dealer,first-owner,blue,['2016'],['Volkswagen'],['Diesel'],['28641']
71,2012 Maruti SX4 ZXI MT BSIV,kolkata,55000 km•  Petrol•   Bhowanipore,1.45,sedan,manual,dealer,first-owner,blue,['2012'],['Maruti'],['Petrol'],['55000']
72,2018 Maruti Ciaz 1.3 Alpha,kolkata,3600 km•  Diesel•   Entally,8.95,sedan,manual,dealer,first-owner,blue,['2018'],['Maruti'],['Diesel'],['3600']
73,2017 Hyundai Xcent 1.2 VTVT SX,kolkata,21400 km•  Petrol,5.1,sedan,manual,individual,first-owner,blue,['2017'],['Hyundai'],['Petrol'],['21400']
74,2012 Nissan Sunny Diesel XL,kolkata,40000 km•  Diesel,2.4,sedan,manual,individual,first-owner,blue,['2012'],['Nissan'],['Diesel'],['40000']
75,2005 Hyundai Accent GLE,kolkata,58000 km•  Petrol,84000,sedan,manual,individual,second-owner,blue,['2005'],['Hyundai'],['Petrol'],['58000']
76,2014 Maruti Swift Dzire VXI,kolkata,71000 km•  Petrol,3.9,sedan,manual,individual,second-owner,blue,['2014'],['Maruti'],['Petrol'],['71000']
77,2013 Maruti Swift Dzire 1.2 Lxi BSIV,kolkata,22900 km•  Petrol•   Sealdah,3.75,sedan,manual,dealer,first-owner,black,['2013'],['Maruti'],['Petrol'],['22900']
78,2012 Honda City 1.5 V MT,kolkata,60397 km•  Petrol•   Lake Gardens,3.4,sedan,manual,dealer,first-owner,black,['2012'],['Honda'],['Petrol'],['60397']
79,2014 Volkswagen Jetta 2.0L TDI Highline,kolkata,49000 km•  Diesel•   Ballygunge,6.9,sedan,manual,dealer,first-owner,black,['2014'],['Volkswagen'],['Diesel'],['49000']
80,2013 Maruti Swift Dzire Vdi BSIV,kolkata,60000 km•  Diesel•   Baguihati Big Bazar,3.6,sedan,manual,dealer,first-owner,black,['2013'],['Maruti'],['Diesel'],['60000']
81,2008 Mitsubishi Cedia New Sports,kolkata,52397 km•  Petrol•   Kalighat,1.75,sedan,manual,dealer,first-owner,black,['2008'],['Mitsubishi'],['Petrol'],['52397']
82,2015 Hyundai Elantra SX,kolkata,59000 km•  Petrol•   Vaishya Sabha,6.99,sedan,manual,dealer,first-owner,black,['2015'],['Hyundai'],['Petrol'],['59000']
83,2013 Renault Scala Diesel RxZ,kolkata,36258 km•  Diesel•   Salt Lake City,2.59,sedan,manual,dealer,first-owner,black,['2013'],['Renault'],['Diesel'],['36258']
84,2016 Hyundai Verna S,kolkata,26000 km•  Petrol•   Council House Street,5.5,sedan,manual,dealer,first-owner,black,['2016'],['Hyundai'],['Petrol'],['26000']
85,2007 Honda City GXi,kolkata,56000 km•  Petrol•   Kalighat,1.65,sedan,manual,dealer,first-owner,black,['2007'],['Honda'],['Petrol'],['56000']
86,2018 Hyundai Verna CRDi 1.6 SX Option,kolkata,25369 km•  Diesel•   Kalighat,9.5,sedan,manual,dealer,first-owner,black,['2018'],['Hyundai'],['Diesel'],['25369']
87,2011 Honda City 1.5 S MT,kolkata,45600 km•  Petrol,3.25,sedan,manual,individual,first-owner,black,['2011'],['Honda'],['Petrol'],['45600']
88,2020 Hyundai Verna VTVT 1.6 SX Option,kolkata,5555 km•  Petrol,11.8,sedan,manual,individual,first-owner,black,['2020'],['Hyundai'],['Petrol'],['5555']
89,2013 Toyota Corolla Altis 1.8 J,kolkata,80000 km•  Petrol,5,sedan,manual,individual,first-owner,black,['2013'],['Toyota'],['Petrol'],['80000']
90,2016 Ford Figo Aspire 1.2 Ti-VCT Titanium Plus,kolkata,25000 km•  Petrol,4.5,sedan,manual,individual,first-owner,black,['2016'],['Ford'],['Petrol'],['25000']
91,2012 Toyota Etios GD,kolkata,80000 km•  Diesel•   Baguihati Big Bazar,2.3,sedan,manual,dealer,second-owner,black,['2012'],['Toyota'],['Diesel'],['80000']
92,2012 Chevrolet Cruze LTZ,kolkata,60000 km•  Diesel,3.96,sedan,manual,individual,second-owner,black,['2012'],['Chevrolet'],['Diesel'],['60000']
93,2015 Honda City i VTEC VX Option,kolkata,39000 km•  Petrol•   Kalighat,6.49,sedan,manual,dealer,first-owner,brown,['2015'],['Honda'],['Petrol'],['39000']
94,2015 Skoda Superb Elegance 1.8 TSI MT,kolkata,40000 km•  Petrol•   Ballygunge,8.95,sedan,manual,dealer,first-owner,brown,['2015'],['Skoda'],['Petrol'],['40000']
95,2017 Honda City i DTec V,kolkata,45151 km•  Diesel•   Kasba,7,sedan,manual,dealer,first-owner,brown,['2017'],['Honda'],['Diesel'],['45151']
96,2019 Toyota Yaris VX BSIV,kolkata,2700 km•  Petrol•   Salt Lake City,10.5,sedan,manual,dealer,first-owner,brown,['2019'],['Toyota'],['Petrol'],['2700']
97,2017 Honda City i VTEC V,kolkata,16141 km•  Petrol•   Kasba,7,sedan,manual,dealer,first-owner,brown,['2017'],['Honda'],['Petrol'],['16141']
98,2014 Honda City i DTEC VX,kolkata,38000 km•  Diesel•   Kalighat,5.75,sedan,manual,dealer,first-owner,brown,['2014'],['Honda'],['Diesel'],['38000']
99,2015 Honda City i VTEC V,kolkata,55000 km•  Petrol•   Ballygunge,5.75,sedan,manual,dealer,first-owner,brown,['2015'],['Honda'],['Petrol'],['55000']
100,2009 Honda City V MT,kolkata,57720 km•  Petrol•   Kalikapur,2.8,sedan,manual,dealer,first-owner,brown,['2009'],['Honda'],['Petrol'],['57720']
101,2016 Maruti Ciaz VDI SHVS,kolkata,37586 km•  Diesel•   Salt Lake City,4.99,sedan,manual,dealer,first-owner,brown,['2016'],['Maruti'],['Diesel'],['37586']
102,2015 Honda City i VTEC SV,kolkata,66983 km•  Petrol•   Kolkatta GPO,5.5,sedan,manual,dealer,first-owner,brown,['2015'],['Honda'],['Petrol'],['66983']
103,2012 Volkswagen Vento Petrol Highline,kolkata,65000 km•  Petrol•   Ballygunge,3.25,sedan,manual,dealer,first-owner,brown,['2012'],['Volkswagen'],['Petrol'],['65000']
104,2018 Honda Amaze VX i DTEC,kolkata,21556 km•  Diesel•   Kolkatta GPO,6.99,sedan,manual,dealer,first-owner,brown,['2018'],['Honda'],['Diesel'],['21556']
105,2017 Hyundai Verna 1.6 CRDi SX,kolkata,23211 km•  Diesel•   Netaji Nagar,8.25,sedan,manual,dealer,first-owner,brown,['2017'],['Hyundai'],['Diesel'],['23211']
106,2016 Maruti Ciaz ZDi Plus SHVS,kolkata,25000 km•  Diesel,6.7,sedan,manual,individual,first-owner,brown,['2016'],['Maruti'],['Diesel'],['25000']
107,2016 Honda City i VTEC VX Option BL,kolkata,35000 km•  Petrol,7.5,sedan,manual,individual,second-owner,brown,['2016'],['Honda'],['Petrol'],['35000']
108,2012 Honda City S,kolkata,35000 km•  Petrol,3.9,sedan,manual,individual,second-owner,brown,['2012'],['Honda'],['Petrol'],['35000']
109,2012 Hyundai Verna 1.6 CRDI,kolkata,80000 km•  Diesel,4,sedan,manual,individual,second-owner,brown,['2012'],['Hyundai'],['Diesel'],['80000']
110,2014 Honda City 1.5 V MT,kolkata,34000 km•  Petrol•   Vaishya Sabha,5.25,sedan,manual,dealer,first-owner,green,['2014'],['Honda'],['Petrol'],['34000']
111,2015 Maruti Swift Dzire Vdi BSIV,kolkata,43000 km•  Diesel•   Manicktala,4.7,sedan,manual,dealer,first-owner,green,['2015'],['Maruti'],['Diesel'],['43000']
112,2010 Chevrolet Aveo 1.4 LS BSIV,kolkata,40000 km•  Petrol,1.65,sedan,manual,individual,first-owner,gold,['2010'],['Chevrolet'],['Petrol'],['40000']
113,2010 Honda City 1.5 V MT,kolkata,65000 km•  Petrol,2.7,sedan,manual,individual,second-owner,gold,['2010'],['Honda'],['Petrol'],['65000']
114,2009 Maruti Swift Dzire LDi,kolkata,10000 km•  Diesel,3.5,sedan,manual,individual,second-owner,gold,['2009'],['Maruti'],['Diesel'],['10000']
115,2015 Maruti Baleno Zeta,kolkata,29161 km•  Petrol•   Kasba,5,hatchback,manual,dealer,first-owner,white,['2015'],['Maruti'],['Petrol'],['29161']
116,2016 Mahindra KUV 100 G80 K8 6Str,kolkata,7700 km•  Petrol•   Garia BT,4.15,hatchback,manual,dealer,first-owner,white,['2016'],['Mahindra'],['Petrol'],['7700']
117,2013 Hyundai EON D Lite Plus,kolkata,29031 km•  Petrol•   Beleghata,1.9,hatchback,manual,dealer,first-owner,white,['2013'],['Hyundai'],['Petrol'],['29031']
118,2014 Hyundai i10 Sportz 1.1L,kolkata,36800 km•  Petrol•   Khardah,3.15,hatchback,manual,dealer,first-owner,white,['2014'],['Hyundai'],['Petrol'],['36800']
119,2015 Hyundai EON D Lite Plus,kolkata,20000 km•  Petrol•   Council House Street,2.85,hatchback,manual,dealer,first-owner,white,['2015'],['Hyundai'],['Petrol'],['20000']
120,2014 Hyundai Grand i10 CRDi Magna,kolkata,38000 km•  Diesel•   Salt Lake City,3.45,hatchback,manual,dealer,first-owner,white,['2014'],['Hyundai'],['Diesel'],['38000']
121,2016 Mahindra KUV 100 G80 K8 6Str,kolkata,7000 km•  Petrol•   Garia BT,4.1,hatchback,manual,dealer,first-owner,white,['2016'],['Mahindra'],['Petrol'],['7000']
122,2018 Hyundai i20 Sportz Option 1.2,kolkata,25000 km•  Petrol•   Ballygunge,5.99,hatchback,manual,dealer,first-owner,white,['2018'],['Hyundai'],['Petrol'],['25000']
123,2016 Honda Jazz 1.2 V i VTEC,kolkata,15579 km•  Petrol•   Kolkatta GPO,4.75,hatchback,manual,dealer,first-owner,white,['2016'],['Honda'],['Petrol'],['15579']
124,2015 Honda Brio VX,kolkata,39000 km•  Petrol•   Kalighat,3.25,hatchback,manual,dealer,first-owner,white,['2015'],['Honda'],['Petrol'],['39000']
125,2015 Honda Jazz 1.2 SV i VTEC,kolkata,31000 km•  Petrol•   Ballygunge,4.5,hatchback,manual,dealer,first-owner,white,['2015'],['Honda'],['Petrol'],['31000']
126,2014 Hyundai Grand i10 Asta Option,kolkata,30000 km•  Petrol•   Jadavgarh,4,hatchback,manual,dealer,first-owner,white,['2014'],['Hyundai'],['Petrol'],['30000']
127,2017 Maruti Ignis 1.3 Alpha,kolkata,18000 km•  Diesel•   Entally,5.35,hatchback,manual,dealer,first-owner,white,['2017'],['Maruti'],['Diesel'],['18000']
128,2011 Maruti Swift VDI,kolkata,60028 km•  Diesel•   Kalikapur,2.35,hatchback,manual,dealer,first-owner,white,['2011'],['Maruti'],['Diesel'],['60028']
129,2015 Volkswagen Polo 1.5 TDI Highline Plus,kolkata,36000 km•  Diesel•   Ramkrishna Park,4.25,hatchback,manual,dealer,first-owner,white,['2015'],['Volkswagen'],['Diesel'],['36000']
130,2013 Hyundai i10 Era,kolkata,44199 km•  Petrol•   Garia BT,2.64,hatchback,manual,dealer,first-owner,white,['2013'],['Hyundai'],['Petrol'],['44199']
131,2015 Datsun GO T BSIV,kolkata,70000 km•  Petrol•   Baguihati Big Bazar,1,hatchback,manual,dealer,first-owner,white,['2015'],['Datsun'],['Petrol'],['70000']
132,2009 Skoda Fabia 1.2 MPI Classic,kolkata,60000 km•  Petrol•   Chowbhanga,1.3,hatchback,manual,dealer,first-owner,white,['2009'],['Skoda'],['Petrol'],['60000']
133,2010 Volkswagen Polo Diesel Comfortline 1.2L,kolkata,96655 km•  Diesel•   Lake Gardens,2.3,hatchback,manual,dealer,first-owner,white,['2010'],['Volkswagen'],['Diesel'],['96655']
134,2012 Hyundai Grand i10 Sportz 1.2,kolkata,38522 km•  Petrol•   Kolkata Airport Po,2.4,hatchback,manual,dealer,first-owner,white,['2012'],['Hyundai'],['Petrol'],['38522']
135,2019 Hyundai EON Era Plus,kolkata,22000 km•  Petrol,2.95,hatchback,manual,individual,first-owner,white,['2019'],['Hyundai'],['Petrol'],['22000']
136,2018 Hyundai i20 1.2 Spotz,kolkata,35000 km•  Petrol,6.5,hatchback,manual,individual,first-owner,white,['2018'],['Hyundai'],['Petrol'],['35000']
137,2018 Mahindra KUV 100 D75 K8,kolkata,20000 km•  Diesel,4.85,hatchback,manual,individual,first-owner,white,['2018'],['Mahindra'],['Diesel'],['20000']
138,2016 Maruti Swift VXI Glory Limited Edition,kolkata,15000 km•  Petrol,5.36,hatchback,manual,individual,first-owner,white,['2016'],['Maruti'],['Petrol'],['15000']
139,2015 Honda Brio E MT,kolkata,20000 km•  Petrol,3.7,hatchback,manual,individual,first-owner,white,['2015'],['Honda'],['Petrol'],['20000']
140,2015 Tata Nano Twist XT,kolkata,45000 km•  Petrol,95000,hatchback,manual,individual,first-owner,white,['2015'],['Tata'],['Petrol'],['45000']
141,2016 Hyundai i20 Sportz 1.4 CRDi,kolkata,60000 km•  Diesel,5.5,hatchback,manual,individual,first-owner,white,['2016'],['Hyundai'],['Diesel'],['60000']
142,2013 Maruti Alto K10 LXI,kolkata,46500 km•  Petrol,2.4,hatchback,manual,individual,first-owner,white,['2013'],['Maruti'],['Petrol'],['46500']
143,2014 Chevrolet Beat LT,kolkata,35000 km•  Petrol,2.5,hatchback,manual,individual,first-owner,white,['2014'],['Chevrolet'],['Petrol'],['35000']
144,2011 Maruti Swift VDI BSIV W ABS,kolkata,106000 km•  Diesel,3.65,hatchback,manual,individual,first-owner,white,['2011'],['Maruti'],['Diesel'],['106000']
145,2009 Hyundai Grand i10 Era 1.1,kolkata,55000 km•  Petrol•   Bonhooghly,1.49,hatchback,manual,dealer,second-owner,white,['2009'],['Hyundai'],['Petrol'],['55000']
146,2010 Hyundai i20 Magna,kolkata,50000 km•  Petrol,1.85,hatchback,manual,individual,second-owner,white,['2010'],['Hyundai'],['Petrol'],['50000']
147,2017 Maruti Alto K10 VXI,kolkata,3000 km•  Petrol,3.8,hatchback,manual,individual,second-owner,white,['2017'],['Maruti'],['Petrol'],['3000']
148,2000 Maruti 800 DX,kolkata,50000 km•  Petrol,45000,hatchback,manual,individual,second-owner,white,['2000'],['Maruti'],['Petrol'],['50000']
149,2015 Hyundai Grand i10 Magna Optional 1.1L,kolkata,23200 km•  Petrol•   Kolkatta GPO,3.3,hatchback,manual,dealer,first-owner,silver,['2015'],['Hyundai'],['Petrol'],['23200']
150,2017 Volkswagen Polo 1.5 TDI Highline,kolkata,82415 km•  Diesel•   Kasba,4,hatchback,manual,dealer,first-owner,silver,['2017'],['Volkswagen'],['Diesel'],['82415']
151,2010 Tata Nano Lx BSIV,kolkata,28500 km•  Petrol•   Kolkatta GPO,48500,hatchback,manual,dealer,first-owner,silver,['2010'],['Tata'],['Petrol'],['28500']
152,2013 Hyundai i10 Sportz,kolkata,47000 km•  Petrol•   Manicktala,2.6,hatchback,manual,dealer,first-owner,silver,['2013'],['Hyundai'],['Petrol'],['47000']
153,2014 Hyundai i20 1.2 Sportz,kolkata,35272 km•  Petrol•   Kalikapur,4.65,hatchback,manual,dealer,first-owner,silver,['2014'],['Hyundai'],['Petrol'],['35272']
154,2017 Hyundai i20 Sportz 1.2,kolkata,7500 km•  Petrol•   Kalikapur,5.99,hatchback,manual,dealer,first-owner,silver,['2017'],['Hyundai'],['Petrol'],['7500']
155,2018 Hyundai i20 1.2 Asta Option,kolkata,35000 km•  Petrol•   Kalikapur,6.49,hatchback,manual,dealer,first-owner,silver,['2018'],['Hyundai'],['Petrol'],['35000']
156,2017 Maruti Alto 800 VXI BSIV,kolkata,11000 km•  Petrol•   Salt Lake City,2.99,hatchback,manual,dealer,first-owner,silver,['2017'],['Maruti'],['Petrol'],['11000']
157,2014 Toyota Etios Liva 1.2 VX,kolkata,23889 km•  Petrol•   Kalighat,3.55,hatchback,manual,dealer,first-owner,silver,['2014'],['Toyota'],['Petrol'],['23889']
158,2017 Maruti Ignis 1.2 Delta BSIV,kolkata,32000 km•  Petrol•   Entally,3.97,hatchback,manual,dealer,first-owner,silver,['2017'],['Maruti'],['Petrol'],['32000']
159,2014 Toyota Etios Liva V Limited Edition,kolkata,45000 km•  Petrol•   Ballygunge,3.95,hatchback,manual,dealer,first-owner,silver,['2014'],['Toyota'],['Petrol'],['45000']
160,2014 Maruti A-Star Vxi,kolkata,24000 km•  Petrol•   Garia BT,2.75,hatchback,manual,dealer,first-owner,silver,['2014'],['Maruti'],['Petrol'],['24000']
161,2009 Maruti Wagon R LXI,kolkata,41000 km•  Petrol•   Garia BT,1.79,hatchback,manual,dealer,first-owner,silver,['2009'],['Maruti'],['Petrol'],['41000']
162,2013 Ford Figo Petrol EXI,kolkata,37452 km•  Petrol•   Salt Lake City,2.39,hatchback,manual,dealer,first-owner,silver,['2013'],['Ford'],['Petrol'],['37452']
163,2012 Chevrolet Beat Diesel LT,kolkata,19000 km•  Diesel•   Salt Lake City,1.99,hatchback,manual,dealer,first-owner,silver,['2012'],['Chevrolet'],['Diesel'],['19000']
164,2006 Hyundai Santro Xing GL,kolkata,54000 km•  Petrol•   Garia BT,1.3,hatchback,manual,dealer,first-owner,silver,['2006'],['Hyundai'],['Petrol'],['54000']
165,2017 Maruti Ignis Delta,kolkata,12000 km•  Petrol•   Ballygunge,4.6,hatchback,manual,dealer,first-owner,silver,['2017'],['Maruti'],['Petrol'],['12000']
166,2010 Hyundai i20 1.2 Magna,kolkata,59000 km•  Petrol•   Ballygunge,2.4,hatchback,manual,dealer,first-owner,silver,['2010'],['Hyundai'],['Petrol'],['59000']
167,2004 Hyundai Santro Xing GL,kolkata,53000 km•  Petrol•   Garia BT,1.05,hatchback,manual,dealer,first-owner,silver,['2004'],['Hyundai'],['Petrol'],['53000']
168,2009 Maruti Wagon R LXI BSIII,kolkata,65000 km•  Petrol•   Manicktala,1.65,hatchback,manual,dealer,first-owner,silver,['2009'],['Maruti'],['Petrol'],['65000']
169,2016 Maruti Alto 800 LXI,kolkata,35000 km•  Petrol,2.5,hatchback,manual,individual,first-owner,silver,['2016'],['Maruti'],['Petrol'],['35000']
170,2012 Hyundai EON D Lite,kolkata,20000 km•  Petrol,1.9,hatchback,manual,individual,first-owner,silver,['2012'],['Hyundai'],['Petrol'],['20000']
171,2014 Maruti Alto 800 LXI,kolkata,30000 km•  Petrol,2.5,hatchback,manual,individual,first-owner,silver,['2014'],['Maruti'],['Petrol'],['30000']
172,2011 Maruti A-Star Lxi,kolkata,22000 km•  Petrol,1.6,hatchback,manual,individual,first-owner,silver,['2011'],['Maruti'],['Petrol'],['22000']
173,2009 Maruti Zen Estilo LX BSIV,kolkata,20000 km•  Petrol,1.65,hatchback,manual,individual,first-owner,silver,['2009'],['Maruti'],['Petrol'],['20000']
174,2011 Tata Indica Vista Quadrajet VX,kolkata,65000 km•  Diesel,1.35,hatchback,manual,individual,first-owner,silver,['2011'],['Tata'],['Diesel'],['65000']
175,2013 Hyundai i20 1.2 Sportz Option,kolkata,27430 km•  Petrol•   Beleghata,3.65,hatchback,manual,dealer,second-owner,silver,['2013'],['Hyundai'],['Petrol'],['27430']
176,2012 Volkswagen Polo Diesel Comfortline 1.2L,kolkata,60000 km•  Diesel•   Baguihati Big Bazar,2.1,hatchback,manual,dealer,second-owner,silver,['2012'],['Volkswagen'],['Diesel'],['60000']
177,2010 Ford Figo Diesel Titanium,kolkata,36000 km•  Diesel•   Kolkata Airport Po,1.95,hatchback,manual,dealer,second-owner,silver,['2010'],['Ford'],['Diesel'],['36000']
178,2008 Hyundai Grand i10 Magna 1.2,kolkata,47000 km•  Petrol•   Bonhooghly,1.59,hatchback,manual,dealer,second-owner,silver,['2008'],['Hyundai'],['Petrol'],['47000']
179,2012 Volkswagen Polo Petrol Comfortline 1.2L,kolkata,47669 km•  Petrol,2.55,hatchback,manual,individual,second-owner,silver,['2012'],['Volkswagen'],['Petrol'],['47669']
180,2012 Volkswagen Polo Petrol Comfortline 1.2L,kolkata,47770 km•  Petrol,2.57,hatchback,manual,individual,second-owner,silver,['2012'],['Volkswagen'],['Petrol'],['47770']
181,2003 Maruti Zen VXi - BS III,kolkata,120000 km•  Petrol,50000,hatchback,manual,individual,second-owner,silver,['2003'],['Maruti'],['Petrol'],['120000']
182,2010 Ford Figo Petrol Titanium,kolkata,60000 km•  Petrol,2.45,hatchback,manual,individual,second-owner,silver,['2010'],['Ford'],['Petrol'],['60000']
183,2008 Hyundai Grand i10 Magna 1.2,kolkata,40000 km•  Petrol,1.5,hatchback,manual,individual,third-owner-or-more,silver,['2008'],['Hyundai'],['Petrol'],['40000']
184,2015 Hyundai i20 Active S Petrol,kolkata,39000 km•  Petrol•   Kalighat,4.99,hatchback,manual,dealer,first-owner,red,['2015'],['Hyundai'],['Petrol'],['39000']
185,2016 Toyota Etios Liva V Limited Edition,kolkata,32000 km•  Petrol•   Ballygunge,4.25,hatchback,manual,dealer,first-owner,red,['2016'],['Toyota'],['Petrol'],['32000']
186,2015 Hyundai i20 Active 1.4 S,kolkata,48000 km•  Diesel•   Council House Street,4.85,hatchback,manual,dealer,first-owner,red,['2015'],['Hyundai'],['Diesel'],['48000']
187,2012 Hyundai i20 1.2 Sportz,kolkata,40000 km•  Petrol•   Manicktala,2.75,hatchback,manual,dealer,first-owner,red,['2012'],['Hyundai'],['Petrol'],['40000']
188,2013 Hyundai EON Era Plus,kolkata,41740 km•  Petrol•   Garia BT,2.41,hatchback,manual,dealer,first-owner,red,['2013'],['Hyundai'],['Petrol'],['41740']
189,2010 Hyundai i10 Sportz,kolkata,49103 km•  Petrol•   Kalikapur,2.35,hatchback,manual,dealer,first-owner,red,['2010'],['Hyundai'],['Petrol'],['49103']
190,2015 Maruti Swift VXI with ABS,kolkata,30000 km•  Petrol•   Jadavgarh,4.15,hatchback,manual,dealer,first-owner,red,['2015'],['Maruti'],['Petrol'],['30000']
191,2014 Volkswagen Polo Diesel Comfortline 1.2L,kolkata,50000 km•  Diesel•   Kalikapur,3.25,hatchback,manual,dealer,first-owner,red,['2014'],['Volkswagen'],['Diesel'],['50000']
192,2017 Hyundai i20 Asta Option 1.2,kolkata,37256 km•  Petrol•   Salt Lake City,5.79,hatchback,manual,dealer,first-owner,red,['2017'],['Hyundai'],['Petrol'],['37256']
193,2019 Hyundai Grand i10 1.2 CRDi Sportz Option,kolkata,11000 km•  Diesel•   Salt Lake City,4.99,hatchback,manual,dealer,first-owner,red,['2019'],['Hyundai'],['Diesel'],['11000']
194,2018 Maruti Alto 800 LXI,kolkata,29658 km•  Petrol•   Salt Lake City,2.99,hatchback,manual,dealer,first-owner,red,['2018'],['Maruti'],['Petrol'],['29658']
195,2010 Hyundai i10 Era,kolkata,60000 km•  Petrol•   Baguihati Big Bazar,1.6,hatchback,manual,dealer,first-owner,red,['2010'],['Hyundai'],['Petrol'],['60000']
196,2013 Hyundai EON 1.0 Era Plus,kolkata,34024 km•  Petrol•   Kalighat,2.2,hatchback,manual,dealer,first-owner,red,['2013'],['Hyundai'],['Petrol'],['34024']
197,2020 Datsun RediGO A,kolkata,1000 km•  Petrol•   Vaishya Sabha,3.25,hatchback,manual,dealer,first-owner,red,['2020'],['Datsun'],['Petrol'],['1000']
198,2010 Ford Figo Petrol ZXI,kolkata,39568 km•  Petrol•   Salt Lake City,1.79,hatchback,manual,dealer,first-owner,red,['2010'],['Ford'],['Petrol'],['39568']
199,2016 Hyundai Grand i10 Magna,kolkata,5598 km•  Petrol•   Beleghata,3.9,hatchback,manual,dealer,first-owner,red,['2016'],['Hyundai'],['Petrol'],['5598']
200,2017 Honda Jazz V Diesel,kolkata,37151 km•  Diesel•   Kasba,5.25,hatchback,manual,dealer,first-owner,red,['2017'],['Honda'],['Diesel'],['37151']
201,2017 Hyundai i20 1.2 Magna Executive,kolkata,20205 km•  Petrol•   Lake Gardens,4.99,hatchback,manual,dealer,first-owner,red,['2017'],['Hyundai'],['Petrol'],['20205']
202,2015 Maruti Swift 1.3 LXI,kolkata,32000 km•  Petrol•   Jessore Road,3.75,hatchback,manual,dealer,first-owner,red,['2015'],['Maruti'],['Petrol'],['32000']
203,2015 Hyundai Grand i10 CRDi SportZ Edition,kolkata,48000 km•  Diesel,3.6,hatchback,manual,individual,first-owner,red,['2015'],['Hyundai'],['Diesel'],['48000']
204,2017 Tata Tiago 1.2 Revotron XZ,kolkata,36200 km•  Petrol,3.8,hatchback,manual,individual,first-owner,red,['2017'],['Tata'],['Petrol'],['36200']
205,2016 Hyundai EON Era Plus,kolkata,16000 km•  Petrol,2.55,hatchback,manual,individual,first-owner,red,['2016'],['Hyundai'],['Petrol'],['16000']
206,2014 Maruti Alto 800 LXI,kolkata,40000 km•  Petrol,2.05,hatchback,manual,individual,first-owner,red,['2014'],['Maruti'],['Petrol'],['40000']
207,2013 Nissan Micra Active XL Petrol,kolkata,40000 km•  Petrol,2,hatchback,manual,individual,first-owner,red,['2013'],['Nissan'],['Petrol'],['40000']
208,2016 Hyundai Grand i10 Sportz,kolkata,13600 km•  Petrol,4.85,hatchback,manual,individual,first-owner,red,['2016'],['Hyundai'],['Petrol'],['13600']
209,2015 Hyundai i20 Asta Option 1.2,kolkata,50000 km•  Petrol,5.5,hatchback,manual,individual,first-owner,red,['2015'],['Hyundai'],['Petrol'],['50000']
210,2016 Hyundai i20 Active 1.2 S,kolkata,5800 km•  Petrol,6,hatchback,manual,individual,first-owner,red,['2016'],['Hyundai'],['Petrol'],['5800']
211,2017 Hyundai Grand i10 1.2 Kappa Magna BSIV,kolkata,25000 km•  Petrol,4.67,hatchback,manual,individual,first-owner,red,['2017'],['Hyundai'],['Petrol'],['25000']
212,2016 Tata Tiago 1.2 Revotron XM,kolkata,18000 km•  Petrol,3.6,hatchback,manual,individual,first-owner,red,['2016'],['Tata'],['Petrol'],['18000']
213,2016 Datsun RediGO T Option,kolkata,15000 km•  Petrol,2.29,hatchback,manual,individual,first-owner,red,['2016'],['Datsun'],['Petrol'],['15000']
214,2018 Hyundai EON D Lite,kolkata,20000 km•  Petrol,3,hatchback,manual,individual,first-owner,red,['2018'],['Hyundai'],['Petrol'],['20000']
215,2016 Renault Pulse Petrol RxL,kolkata,34000 km•  Petrol,3.75,hatchback,manual,individual,first-owner,red,['2016'],['Renault'],['Petrol'],['34000']
216,2014 Hyundai i10 Magna,kolkata,30000 km•  Petrol,3.6,hatchback,manual,individual,first-owner,red,['2014'],['Hyundai'],['Petrol'],['30000']
217,2015 Hyundai i10 Sportz 1.1L,kolkata,54000 km•  Petrol,3.75,hatchback,manual,individual,first-owner,red,['2015'],['Hyundai'],['Petrol'],['54000']
218,2014 Maruti Alto 800 VXI,kolkata,3000 km•  Petrol,2.5,hatchback,manual,individual,first-owner,red,['2014'],['Maruti'],['Petrol'],['3000']
219,2010 Hyundai i10 Magna,kolkata,47000 km•  Petrol,2.25,hatchback,manual,individual,first-owner,red,['2010'],['Hyundai'],['Petrol'],['47000']
220,2012 Hyundai EON Era Plus,kolkata,35000 km•  Petrol•   Council House Street,1.79,hatchback,manual,dealer,second-owner,red,['2012'],['Hyundai'],['Petrol'],['35000']
221,2011 Hyundai Santro Xing GLS,kolkata,28690 km•  Petrol,1.65,hatchback,manual,individual,second-owner,red,['2011'],['Hyundai'],['Petrol'],['28690']
222,2015 Volkswagen Polo Select 1.5 TDI Highline,kolkata,28500 km•  Diesel•   Jessore Road,4.25,hatchback,manual,dealer,first-owner,blue,['2015'],['Volkswagen'],['Diesel'],['28500']
223,2017 Maruti Alto 800 LXI,kolkata,43000 km•  Petrol•   Kalighat,2.71,hatchback,manual,dealer,first-owner,blue,['2017'],['Maruti'],['Petrol'],['43000']
224,2015 Hyundai Grand i10 1.2 Kappa Sportz BSIV,kolkata,40000 km•  Petrol•   Garia BT,4.2,hatchback,manual,dealer,first-owner,blue,['2015'],['Hyundai'],['Petrol'],['40000']
225,2018 Maruti Ignis 1.2 Alpha BSIV,kolkata,12001 km•  Petrol•   Desh Bandhu Nagar,5.4,hatchback,manual,dealer,first-owner,blue,['2018'],['Maruti'],['Petrol'],['12001']
226,2014 Maruti Alto 800 LXI,kolkata,26000 km•  Petrol•   Garia BT,2.39,hatchback,manual,dealer,first-owner,blue,['2014'],['Maruti'],['Petrol'],['26000']
227,2013 Hyundai i20 Magna Optional 1.2,kolkata,37000 km•  Petrol•   Manicktala,3.3,hatchback,manual,dealer,first-owner,blue,['2013'],['Hyundai'],['Petrol'],['37000']
228,2007 Hyundai Getz 1.3 GLS,kolkata,40000 km•  Petrol•   Garia BT,1.45,hatchback,manual,dealer,first-owner,blue,['2007'],['Hyundai'],['Petrol'],['40000']
229,2017 Nissan Micra Active XV Petrol,kolkata,36161 km•  Petrol•   Kasba,3.75,hatchback,manual,dealer,first-owner,blue,['2017'],['Nissan'],['Petrol'],['36161']
230,2014 Datsun GO T,kolkata,34540 km•  Petrol•   Kalikapur,3.15,hatchback,manual,dealer,first-owner,blue,['2014'],['Datsun'],['Petrol'],['34540']
231,2010 Maruti Wagon R VXI,kolkata,55000 km•  Petrol•   Garia BT,2.04,hatchback,manual,dealer,first-owner,blue,['2010'],['Maruti'],['Petrol'],['55000']
232,2013 Hyundai i20 1.2 Sportz,kolkata,42210 km•  Petrol•   Kalikapur,3.65,hatchback,manual,dealer,first-owner,blue,['2013'],['Hyundai'],['Petrol'],['42210']
233,2013 Volkswagen Polo Diesel Highline 1.2L,kolkata,29500 km•  Diesel•   Northern Avenue,3.79,hatchback,manual,dealer,first-owner,blue,['2013'],['Volkswagen'],['Diesel'],['29500']
234,2012 Toyota Etios Liva G Plus,kolkata,42000 km•  Petrol•   Garia BT,2.9,hatchback,manual,dealer,first-owner,blue,['2012'],['Toyota'],['Petrol'],['42000']
235,2008 Hyundai Grand i10 Magna(O) with Sun Roof,kolkata,74747 km•  Petrol•   Lake Gardens,2.25,hatchback,manual,dealer,first-owner,blue,['2008'],['Hyundai'],['Petrol'],['74747']
236,2018 Hyundai i20 Magna 1.2,kolkata,25111 km•  Petrol•   Vaishya Sabha,5.49,hatchback,manual,dealer,first-owner,blue,['2018'],['Hyundai'],['Petrol'],['25111']
237,2018 Hyundai i20 1.2 Magna Executive,kolkata,25000 km•  Petrol•   Vaishya Sabha,5.49,hatchback,manual,dealer,first-owner,blue,['2018'],['Hyundai'],['Petrol'],['25000']
238,2018 Hyundai i20 1.2 Magna Executive,kolkata,25100 km•  Petrol•   Vaishya Sabha,5.49,hatchback,manual,dealer,first-owner,blue,['2018'],['Hyundai'],['Petrol'],['25100']
239,2010 Maruti Alto LXI,kolkata,60000 km•  Petrol•   Baguihati Big Bazar,1.45,hatchback,manual,dealer,first-owner,blue,['2010'],['Maruti'],['Petrol'],['60000']
240,2010 Chevrolet Beat LT,kolkata,16258 km•  Petrol•   Salt Lake City,1.89,hatchback,manual,dealer,first-owner,blue,['2010'],['Chevrolet'],['Petrol'],['16258']
241,2012 Hyundai EON Era Plus,kolkata,32000 km•  Petrol•   Garia BT,2.3,hatchback,manual,dealer,first-owner,blue,['2012'],['Hyundai'],['Petrol'],['32000']
242,2011 Hyundai i20 1.2 Sportz,kolkata,47000 km•  Petrol,2.6,hatchback,manual,individual,first-owner,blue,['2011'],['Hyundai'],['Petrol'],['47000']
243,2010 Fiat Punto 1.3 Emotion,kolkata,80000 km•  Diesel,1.5,hatchback,manual,individual,first-owner,blue,['2010'],['Fiat'],['Diesel'],['80000']
244,2012 Ford Figo Diesel Titanium,kolkata,35000 km•  Diesel,2.25,hatchback,manual,individual,first-owner,blue,['2012'],['Ford'],['Diesel'],['35000']
245,2017 Nissan Micra dCi XL Comfort,kolkata,50000 km•  Diesel,4.5,hatchback,manual,individual,first-owner,blue,['2017'],['Nissan'],['Diesel'],['50000']
246,2012 Hyundai EON Magna Optional,kolkata,19883 km•  Petrol•   Netaji Nagar,1.95,hatchback,manual,dealer,second-owner,blue,['2012'],['Hyundai'],['Petrol'],['19883']
247,2002 Maruti Zen VXI,kolkata,35000 km•  Petrol,70000,hatchback,manual,individual,third-owner-or-more,blue,['2002'],['Maruti'],['Petrol'],['35000']
248,2018 Hyundai i20 Active 1.2 S,kolkata,27000 km•  Petrol•   Kalighat,5.1,hatchback,manual,dealer,first-owner,black,['2018'],['Hyundai'],['Petrol'],['27000']
249,2012 Volkswagen Polo Diesel Highline 1.2L,kolkata,55000 km•  Diesel•   Northern Avenue,2.99,hatchback,manual,dealer,first-owner,black,['2012'],['Volkswagen'],['Diesel'],['55000']
250,2009 Hyundai Santro Xing GLS,kolkata,35000 km•  Petrol•   Northern Avenue,1.49,hatchback,manual,dealer,first-owner,black,['2009'],['Hyundai'],['Petrol'],['35000']
251,2010 Hyundai Santro Xing GLS,kolkata,32547 km•  Petrol•   Lake Gardens,1.75,hatchback,manual,dealer,first-owner,black,['2010'],['Hyundai'],['Petrol'],['32547']
252,2010 Volkswagen Polo Petrol Comfortline 1.2L,kolkata,27000 km•  Petrol•   Jadavgarh,2.65,hatchback,manual,dealer,first-owner,black,['2010'],['Volkswagen'],['Petrol'],['27000']
253,2010 Hyundai i20 Magna,kolkata,39568 km•  Petrol•   Salt Lake City,2.19,hatchback,manual,dealer,first-owner,black,['2010'],['Hyundai'],['Petrol'],['39568']
254,2004 Hyundai Santro Xing XO,kolkata,53800 km•  Petrol•   Garia BT,1.1,hatchback,manual,dealer,first-owner,black,['2004'],['Hyundai'],['Petrol'],['53800']
255,2006 Hyundai Santro Xing GL,kolkata,52000 km•  Petrol•   Garia BT,1.25,hatchback,manual,dealer,first-owner,black,['2006'],['Hyundai'],['Petrol'],['52000']
256,2016 Honda Jazz 1.5 V i DTEC,kolkata,42000 km•  Diesel•   Ballygunge,4.25,hatchback,manual,dealer,first-owner,black,['2016'],['Honda'],['Diesel'],['42000']
257,2011 Hyundai i20 1.2 Sportz,kolkata,90000 km•  Petrol,2.25,hatchback,manual,individual,first-owner,black,['2011'],['Hyundai'],['Petrol'],['90000']
258,2010 Hyundai i10 Magna,kolkata,54000 km•  Petrol,2.25,hatchback,manual,individual,first-owner,black,['2010'],['Hyundai'],['Petrol'],['54000']
259,2010 Hyundai Santro Xing GL,kolkata,50000 km•  Petrol,1.5,hatchback,manual,individual,second-owner,black,['2010'],['Hyundai'],['Petrol'],['50000']
260,2017 Maruti Alto 800 LXI,kolkata,60000 km•  Petrol,2.6,hatchback,manual,individual,second-owner,black,['2017'],['Maruti'],['Petrol'],['60000']
261,2009 Chevrolet Spark 1.0 PS,kolkata,40000 km•  Petrol,95000,hatchback,manual,individual,second-owner,black,['2009'],['Chevrolet'],['Petrol'],['40000']
262,2009 Hyundai i10 Era,kolkata,80000 km•  Petrol,1.55,hatchback,manual,individual,second-owner,black,['2009'],['Hyundai'],['Petrol'],['80000']
263,2017 Maruti Wagon R VXI,kolkata,24500 km•  Petrol•   Jessore Road,3.82,hatchback,manual,dealer,first-owner,brown,['2017'],['Maruti'],['Petrol'],['24500']
264,2016 Honda Jazz VX,kolkata,49000 km•  Petrol•   Ballygunge,4.99,hatchback,manual,dealer,first-owner,brown,['2016'],['Honda'],['Petrol'],['49000']
265,2015 Honda Jazz 1.2 VX i VTEC,kolkata,23000 km•  Petrol•   Ballygunge,4.5,hatchback,manual,dealer,first-owner,brown,['2015'],['Honda'],['Petrol'],['23000']
266,2016 Mahindra KUV 100 G80 K8 6Str,kolkata,11000 km•  Petrol•   Council House Street,4.5,hatchback,manual,dealer,first-owner,brown,['2016'],['Mahindra'],['Petrol'],['11000']
267,2010 Maruti Zen Estilo LXI BS IV,kolkata,39258 km•  Petrol•   E.K.T,1.65,hatchback,manual,dealer,first-owner,brown,['2010'],['Maruti'],['Petrol'],['39258']
268,2015 Renault KWID RXL,kolkata,30500 km•  Petrol•   Bonhooghly,2.85,hatchback,manual,dealer,first-owner,brown,['2015'],['Renault'],['Petrol'],['30500']
269,2013 Hyundai EON D Lite Plus,kolkata,19400 km•  Petrol•   Kalighat,2.35,hatchback,manual,dealer,first-owner,brown,['2013'],['Hyundai'],['Petrol'],['19400']
270,2012 Maruti Wagon R VXI BS IV,kolkata,16392 km•  Petrol•   Lake Gardens,2.75,hatchback,manual,dealer,first-owner,brown,['2012'],['Maruti'],['Petrol'],['16392']
271,2018 Maruti Wagon R VXI BS IV,kolkata,30000 km•  Petrol,4.25,hatchback,manual,individual,first-owner,brown,['2018'],['Maruti'],['Petrol'],['30000']
272,2019 Maruti Alto K10 VXI Airbag,kolkata,3500 km•  Petrol,3.65,hatchback,manual,individual,first-owner,brown,['2019'],['Maruti'],['Petrol'],['3500']
273,2013 Chevrolet Sail Hatchback Petrol LT ABS,kolkata,15000 km•  Petrol,2.9,hatchback,manual,individual,first-owner,brown,['2013'],['Chevrolet'],['Petrol'],['15000']
274,2013 Fiat Grande Punto 1.3 Dynamic (Diesel),kolkata,120000 km•  Diesel,2.75,hatchback,manual,individual,first-owner,brown,['2013'],['Fiat'],['Diesel'],['120000']
275,2015 Volkswagen Polo 1.2 MPI Comfortline,kolkata,40000 km•  Petrol,5,hatchback,manual,individual,first-owner,brown,['2015'],['Volkswagen'],['Petrol'],['40000']
276,2009 Honda Jazz S,kolkata,22000 km•  Petrol,2.35,hatchback,manual,individual,first-owner,brown,['2009'],['Honda'],['Petrol'],['22000']
277,2014 Maruti Wagon R VXI BS IV,kolkata,40000 km•  Petrol,3.25,hatchback,manual,individual,second-owner,brown,['2014'],['Maruti'],['Petrol'],['40000']
278,2016 Toyota Etios Cross 1.2L G,kolkata,35300 km•  Petrol•   Salt Lake City,4.25,hatchback,manual,dealer,first-owner,orange,['2016'],['Toyota'],['Petrol'],['35300']
279,2016 Hyundai Grand i10 Asta Option,kolkata,32000 km•  Petrol•   Entally,3.99,hatchback,manual,dealer,first-owner,orange,['2016'],['Hyundai'],['Petrol'],['32000']
280,2015 Hyundai Grand i10 Sportz,kolkata,39144 km•  Petrol•   E.K.T,3.59,hatchback,manual,dealer,first-owner,orange,['2015'],['Hyundai'],['Petrol'],['39144']
281,2016 Hyundai Grand i10 Sportz,kolkata,24000 km•  Petrol•   Jadavgarh,4.11,hatchback,manual,dealer,first-owner,orange,['2016'],['Hyundai'],['Petrol'],['24000']
282,2015 Hyundai Grand i10 SportZ Edition,kolkata,32445 km•  Petrol•   Salt Lake City,3.89,hatchback,manual,dealer,first-owner,orange,['2015'],['Hyundai'],['Petrol'],['32445']
283,2014 Hyundai Grand i10 Sportz,kolkata,49000 km•  Petrol•   Kalikapur,3.99,hatchback,manual,dealer,first-owner,orange,['2014'],['Hyundai'],['Petrol'],['49000']
284,2007 Maruti Swift ZXI BSIII,kolkata,50000 km•  Petrol•   Bhowanipore,1.75,hatchback,manual,dealer,first-owner,orange,['2007'],['Maruti'],['Petrol'],['50000']
285,2018 Tata Tiago XZ,kolkata,21814 km•  Petrol•   Kolkatta GPO,5.15,hatchback,manual,dealer,first-owner,orange,['2018'],['Tata'],['Petrol'],['21814']
286,2016 Toyota Etios Cross 1.2L G,kolkata,35000 km•  Petrol•   Salt Lake City,3.95,hatchback,manual,dealer,first-owner,orange,['2016'],['Toyota'],['Petrol'],['35000']
287,2017 Tata Tiago 1.05 Revotorq XZ,kolkata,39804 km•  Diesel,4.2,hatchback,manual,individual,first-owner,orange,['2017'],['Tata'],['Diesel'],['39804']
288,2018 Maruti Alto K10 VXI Airbag,kolkata,20000 km•  Petrol,3.5,hatchback,manual,individual,first-owner,orange,['2018'],['Maruti'],['Petrol'],['20000']
289,2018 Mahindra KUV 100 G80 K8,kolkata,10000 km•  Petrol,5.8,hatchback,manual,individual,first-owner,orange,['2018'],['Mahindra'],['Petrol'],['10000']
290,2012 Tata Nano Cx BSIV,kolkata,35000 km•  Petrol,75000,hatchback,manual,individual,second-owner,orange,['2012'],['Tata'],['Petrol'],['35000']
291,2016 Renault KWID RXL,kolkata,46127 km•  Petrol•   Garia BT,2.73,hatchback,manual,dealer,first-owner,green,['2016'],['Renault'],['Petrol'],['46127']
292,2010 Ford Figo Diesel ZXI,kolkata,62321 km•  Diesel•   Kalighat,1.75,hatchback,manual,dealer,first-owner,green,['2010'],['Ford'],['Diesel'],['62321']
293,2017 Maruti Alto 800 LXI,kolkata,15554 km•  Petrol•   Beleghata,3.1,hatchback,manual,dealer,first-owner,green,['2017'],['Maruti'],['Petrol'],['15554']
294,2015 Maruti Swift VXI with ABS,kolkata,32000 km•  Petrol•   Jadavgarh,4.1,hatchback,manual,dealer,first-owner,violet,['2015'],['Maruti'],['Petrol'],['32000']
295,2016 Maruti Baleno Delta,kolkata,34000 km•  Petrol•   Ballygunge,5,hatchback,manual,dealer,first-owner,violet,['2016'],['Maruti'],['Petrol'],['34000']
296,2012 Tata Nano CX SE,kolkata,8200 km•  Petrol•   Kolkatta GPO,59500,hatchback,manual,dealer,first-owner,yellow,['2012'],['Tata'],['Petrol'],['8200']
297,2011 Maruti Alto LXi,kolkata,28000 km•  Petrol,1.7,hatchback,manual,individual,first-owner,gold,['2011'],['Maruti'],['Petrol'],['28000']
298,2012 Maruti Alto LXi,kolkata,32000 km•  Petrol,1.8,hatchback,manual,individual,second-owner,gold,['2012'],['Maruti'],['Petrol'],['32000']
299,2016 Maruti SX4 S Cross DDiS 200 Sigma,kolkata,23000 km•  Diesel•   Salt Lake City,5.65,suv,manual,dealer,first-owner,white,['2016'],['Maruti'],['Diesel'],['23000']
300,2016 Renault Duster 85PS Diesel RxL,kolkata,68161 km•  Diesel•   Kasba,5.25,suv,manual,dealer,first-owner,white,['2016'],['Renault'],['Diesel'],['68161']
301,2011 Nissan X-Trail SLX MT,kolkata,56000 km•  Diesel•   Kalighat,6.25,suv,manual,dealer,first-owner,white,['2011'],['Nissan'],['Diesel'],['56000']
302,2015 Tata Sumo Gold EX,kolkata,165242 km•  Diesel•   Kasba,4,suv,manual,dealer,first-owner,white,['2015'],['Tata'],['Diesel'],['165242']
303,2009 Honda Civic 1.8 MT Sport,kolkata,56000 km•  Petrol•   Sealdah,3,suv,manual,dealer,first-owner,white,['2009'],['Honda'],['Petrol'],['56000']
304,2017 Toyota Fortuner 4x2 MT TRD Sportivo,kolkata,47000 km•  Diesel•   New Alipore,23,suv,manual,dealer,first-owner,white,['2017'],['Toyota'],['Diesel'],['47000']
305,2015 Hyundai Creta 1.6 CRDi SX Option,kolkata,65000 km•  Diesel•   Northern Avenue,7.99,suv,manual,dealer,first-owner,white,['2015'],['Hyundai'],['Diesel'],['65000']
306,2018 Ford Ecosport 1.5 Diesel Titanium,kolkata,49000 km•  Diesel•   Vaishya Sabha,8.49,suv,manual,dealer,first-owner,white,['2018'],['Ford'],['Diesel'],['49000']
307,2016 Toyota Fortuner 4x2 Manual,kolkata,75000 km•  Diesel•   Ballygunge,16.5,suv,manual,dealer,first-owner,white,['2016'],['Toyota'],['Diesel'],['75000']
308,2017 Mahindra Bolero Power Plus SLX,kolkata,56000 km•  Diesel•   Northern Avenue,6.49,suv,manual,dealer,first-owner,white,['2017'],['Mahindra'],['Diesel'],['56000']
309,2019 Hyundai Venue SX Diesel,kolkata,19000 km•  Diesel•   Kalikapur,10.49,suv,manual,dealer,first-owner,white,['2019'],['Hyundai'],['Diesel'],['19000']
310,2014 Renault Duster 110PS Diesel RxL,kolkata,51000 km•  Diesel•   Ballygunge,4.95,suv,manual,dealer,first-owner,white,['2014'],['Renault'],['Diesel'],['51000']
311,2018 Honda WR-V i-DTEC VX,kolkata,34051 km•  Diesel•   Kolkatta GPO,9.5,suv,manual,dealer,first-owner,white,['2018'],['Honda'],['Diesel'],['34051']
312,2020 Honda BR-V i-VTEC VX MT,kolkata,9000 km•  Petrol•   Ballygunge,9.9,suv,manual,dealer,first-owner,white,['2020'],['Honda'],['Petrol'],['9000']
313,2012 Toyota Fortuner 4x4 MT TRD Sportivo,kolkata,97000 km•  Diesel•   Desh Bandhu Nagar,13.5,suv,manual,dealer,first-owner,white,['2012'],['Toyota'],['Diesel'],['97000']
314,2013 Nissan Terrano XL 85 PS,kolkata,39232 km•  Diesel•   Kalighat,4.25,suv,manual,dealer,first-owner,white,['2013'],['Nissan'],['Diesel'],['39232']
315,2017 Mahindra XUV500 W10 2WD,kolkata,31847 km•  Diesel•   Kalighat,12,suv,manual,dealer,first-owner,white,['2017'],['Mahindra'],['Diesel'],['31847']
316,2016 Maruti Vitara Brezza ZDi Plus,kolkata,39847 km•  Diesel•   Kalighat,6.75,suv,manual,dealer,first-owner,white,['2016'],['Maruti'],['Diesel'],['39847']
317,2011 Mahindra Scorpio LX BSIV,kolkata,49000 km•  Diesel•   Kalighat,4.65,suv,manual,dealer,first-owner,white,['2011'],['Mahindra'],['Diesel'],['49000']
318,2016 Mahindra TUV 300 T6,kolkata,23000 km•  Diesel•   Entally,5.99,suv,manual,dealer,first-owner,white,['2016'],['Mahindra'],['Diesel'],['23000']
319,2017 Mahindra KUV 100 mFALCON D75 K6 5str,kolkata,100000 km•  Diesel,4.5,suv,manual,individual,first-owner,white,['2017'],['Mahindra'],['Diesel'],['100000']
320,2017 Mahindra XUV500 W10 2WD,kolkata,30000 km•  Diesel,14,suv,manual,individual,first-owner,white,['2017'],['Mahindra'],['Diesel'],['30000']
321,2014 Mahindra Scorpio LX BSIV,kolkata,70000 km•  Diesel,6,suv,manual,individual,first-owner,white,['2014'],['Mahindra'],['Diesel'],['70000']
322,2012 Renault Duster 110PS Diesel RxZ,kolkata,72000 km•  Diesel,4,suv,manual,individual,first-owner,white,['2012'],['Renault'],['Diesel'],['72000']
323,2012 Tata Safari Storme LX,kolkata,80000 km•  Diesel,4.5,suv,manual,individual,first-owner,white,['2012'],['Tata'],['Diesel'],['80000']
324,2006 Mahindra Scorpio 2.6 SLX CRDe,kolkata,110000 km•  Diesel,2,suv,manual,individual,second-owner,white,['2006'],['Mahindra'],['Diesel'],['110000']
325,2011 Mahindra Scorpio 2.6 LX,kolkata,85000 km•  Diesel•   Khardah,3.99,suv,manual,dealer,third-owner-or-more,white,['2011'],['Mahindra'],['Diesel'],['85000']
326,2012 Mahindra Scorpio VLX 2WD BSIV,kolkata,90000 km•  Diesel,5.5,suv,manual,individual,third-owner-or-more,white,['2012'],['Mahindra'],['Diesel'],['90000']
327,2014 Ford EcoSport 1.5 DV5 MT Titanium Optional,kolkata,52000 km•  Diesel•   Salt Lake City,4.95,suv,manual,dealer,first-owner,silver,['2014'],['Ford'],['Diesel'],['52000']
328,2015 Mahindra XUV500 W8 2WD,kolkata,55117 km•  Diesel•   Kasba,7.75,suv,manual,dealer,first-owner,silver,['2015'],['Mahindra'],['Diesel'],['55117']
329,2015 Nissan Terrano XL Plus 85 PS,kolkata,68161 km•  Diesel•   Kasba,5.25,suv,manual,dealer,first-owner,silver,['2015'],['Nissan'],['Diesel'],['68161']
330,2014 Mahindra Bolero SLE,kolkata,149188 km•  Diesel•   Kasba,4.25,suv,manual,dealer,first-owner,silver,['2014'],['Mahindra'],['Diesel'],['149188']
331,2014 Mahindra Bolero LX BSIV,kolkata,163667 km•  Diesel•   Kasba,4,suv,manual,dealer,first-owner,silver,['2014'],['Mahindra'],['Diesel'],['163667']
332,2015 Maruti SX4 S Cross DDiS 200 Zeta,kolkata,48000 km•  Diesel•   Northern Avenue,5.49,suv,manual,dealer,first-owner,silver,['2015'],['Maruti'],['Diesel'],['48000']
333,2014 Ford EcoSport 1.5 DV5 MT Titanium,kolkata,45000 km•  Diesel•   Chowbhanga,5.45,suv,manual,dealer,first-owner,silver,['2014'],['Ford'],['Diesel'],['45000']
334,2015 Ford Ecosport 1.5 Diesel Ambiente,kolkata,36435 km•  Diesel•   Kalikapur,5.5,suv,manual,dealer,first-owner,silver,['2015'],['Ford'],['Diesel'],['36435']
335,2014 Ford EcoSport 1.5 DV5 MT Titanium Optional,kolkata,52000 km•  Diesel•   Salt Lake City,5.45,suv,manual,dealer,first-owner,silver,['2014'],['Ford'],['Diesel'],['52000']
336,2017 Honda WR-V i-DTEC VX,kolkata,22000 km•  Diesel•   Council House Street,6.85,suv,manual,dealer,first-owner,silver,['2017'],['Honda'],['Diesel'],['22000']
337,2014 Mahindra XUV500 W8 2WD,kolkata,82000 km•  Diesel•   Desh Bandhu Nagar,7.47,suv,manual,dealer,first-owner,silver,['2014'],['Mahindra'],['Diesel'],['82000']
338,2013 Tata Sumo GX,kolkata,43000 km•  Diesel•   Garia BT,3.2,suv,manual,dealer,first-owner,silver,['2013'],['Tata'],['Diesel'],['43000']
339,2012 Tata Sumo EX,kolkata,80000 km•  Diesel,4,suv,manual,individual,first-owner,silver,['2012'],['Tata'],['Diesel'],['80000']
340,2010 Tata Sumo EX,kolkata,95151 km•  Diesel•   Kasba,2.75,suv,manual,dealer,first-owner,red,['2010'],['Tata'],['Diesel'],['95151']
341,2018 Hyundai Creta 1.6 SX Option,kolkata,14000 km•  Petrol•   Kalighat,11.75,suv,manual,dealer,first-owner,red,['2018'],['Hyundai'],['Petrol'],['14000']
342,2018 Jeep Compass 2.0 Limited Option,kolkata,45000 km•  Diesel•   Kalighat,14.75,suv,manual,dealer,first-owner,red,['2018'],['Jeep'],['Diesel'],['45000']
343,2019 Ford Ecosport 1.5 TDCi Titanium Plus BE BSIV,kolkata,15000 km•  Diesel•   Salt Lake City,8.99,suv,manual,dealer,first-owner,blue,['2019'],['Ford'],['Diesel'],['15000']
344,2019 Tata Nexon 1.2 Revotron XM,kolkata,10000 km•  Petrol,7.5,suv,manual,individual,first-owner,blue,['2019'],['Tata'],['Petrol'],['10000']
345,2013 Renault Duster 85PS Diesel RxL,kolkata,55000 km•  Diesel•   Kalighat,3.85,suv,manual,dealer,first-owner,black,['2013'],['Renault'],['Diesel'],['55000']
346,2007 Ford Endeavour 4x2 XLT,kolkata,55200 km•  Diesel•   Kolkatta GPO,4.85,suv,manual,dealer,first-owner,black,['2007'],['Ford'],['Diesel'],['55200']
347,2015 Renault Duster RXZ AWD,kolkata,60171 km•  Diesel•   Kasba,6,suv,manual,dealer,first-owner,black,['2015'],['Renault'],['Diesel'],['60171']
348,2018 Mahindra Thar CRDe,kolkata,11000 km•  Diesel•   Salt Lake City,8.5,suv,manual,dealer,first-owner,black,['2018'],['Mahindra'],['Diesel'],['11000']
349,2013 Renault Duster 85PS Diesel RxL,kolkata,55000 km•  Diesel•   Ramkrishna Park,3.85,suv,manual,dealer,first-owner,black,['2013'],['Renault'],['Diesel'],['55000']
350,2016 Hyundai Creta 1.4 CRDi S,kolkata,34349 km•  Diesel•   Vaishya Sabha,6.75,suv,manual,dealer,first-owner,black,['2016'],['Hyundai'],['Diesel'],['34349']
351,2015 Mahindra XUV500 W8 2WD,kolkata,63100 km•  Diesel•   Vaishya Sabha,8.75,suv,manual,dealer,first-owner,black,['2015'],['Mahindra'],['Diesel'],['63100']
352,2016 Ford Ecosport 1.5 Diesel Ambiente,kolkata,30000 km•  Diesel•   Chowbhanga,5.1,suv,manual,dealer,first-owner,black,['2016'],['Ford'],['Diesel'],['30000']
353,2016 Hyundai Creta 1.6 CRDi SX Plus,kolkata,58000 km•  Diesel•   Bhowanipore,7.61,suv,manual,dealer,first-owner,black,['2016'],['Hyundai'],['Diesel'],['58000']
354,2015 Mahindra XUV500 W8 2WD,kolkata,63000 km•  Diesel•   Vaishya Sabha,8.75,suv,manual,dealer,first-owner,black,['2015'],['Mahindra'],['Diesel'],['63000']
355,2018 Hyundai Creta 1.6 VTVT SX Plus Dual Tone,kolkata,10000 km•  Petrol,12.35,suv,manual,individual,first-owner,black,['2018'],['Hyundai'],['Petrol'],['10000']
356,2015 Nissan Terrano XV Premium 110 PS,kolkata,56500 km•  Diesel,6.4,suv,manual,individual,first-owner,black,['2015'],['Nissan'],['Diesel'],['56500']
357,2011 Mahindra XUV500 W8 2WD,kolkata,40000 km•  Diesel,7,suv,manual,individual,first-owner,black,['2011'],['Mahindra'],['Diesel'],['40000']
358,2009 Mahindra Scorpio VLX 2WD 7 Str BSIII,kolkata,90000 km•  Diesel•   Baguihati Big Bazar,3.25,suv,manual,dealer,second-owner,black,['2009'],['Mahindra'],['Diesel'],['90000']
359,2004 Mitsubishi Pajero 2.8 GLX CRZ,kolkata,63232 km•  Diesel•   Kalighat,4,suv,manual,dealer,second-owner,black,['2004'],['Mitsubishi'],['Diesel'],['63232']
360,2016 Ford Ecosport 1.5 Diesel Titanium BSIV,kolkata,65000 km•  Diesel•   Jessore Road,5.9,suv,manual,dealer,first-owner,brown,['2016'],['Ford'],['Diesel'],['65000']
361,2013 Renault Duster 110PS Diesel RxZ,kolkata,43000 km•  Diesel•   Kalighat,4.25,suv,manual,dealer,first-owner,brown,['2013'],['Renault'],['Diesel'],['43000']
362,2014 Renault Duster 110PS Diesel RxL,kolkata,44522 km•  Diesel•   Kalikapur,5.25,suv,manual,dealer,first-owner,brown,['2014'],['Renault'],['Diesel'],['44522']
363,2014 Renault Duster 85PS Diesel RxL,kolkata,65000 km•  Diesel•   Manicktala,4.5,suv,manual,dealer,first-owner,brown,['2014'],['Renault'],['Diesel'],['65000']
364,2019 Ford Ecosport 1.5 Petrol Titanium BSIV,kolkata,29000 km•  Petrol•   Vaishya Sabha,8.25,suv,manual,dealer,first-owner,brown,['2019'],['Ford'],['Petrol'],['29000']
365,2019 Ford Ecosport 1.5 Petrol Titanium BSIV,kolkata,29000 km•  Petrol•   Kalikapur,7.99,suv,manual,dealer,first-owner,brown,['2019'],['Ford'],['Petrol'],['29000']
366,2014 Renault Duster 85PS Diesel RxL,kolkata,75000 km•  Diesel•   Baguihati Big Bazar,4,suv,manual,dealer,first-owner,brown,['2014'],['Renault'],['Diesel'],['75000']
367,2016 Ford EcoSport 1.5 Ti VCT MT Trend,kolkata,25000 km•  Petrol•   Ballygunge,5.95,suv,manual,dealer,first-owner,brown,['2016'],['Ford'],['Petrol'],['25000']
368,2014 Renault Duster 85PS Diesel RxL,kolkata,95000 km•  Diesel,4.8,suv,manual,individual,first-owner,brown,['2014'],['Renault'],['Diesel'],['95000']
369,2013 Tata Sumo Gold CX BSIII,kolkata,110000 km•  Diesel,2.5,suv,manual,individual,first-owner,brown,['2013'],['Tata'],['Diesel'],['110000']
370,2012 Mahindra XUV500 W8 2WD,kolkata,120000 km•  Diesel,7.5,suv,manual,individual,third-owner-or-more,brown,['2012'],['Mahindra'],['Diesel'],['120000']
371,2019 Tata Nexon 1.2 Revotron XM,kolkata,15780 km•  Petrol•   Kolkatta GPO,8,suv,manual,dealer,first-owner,orange,['2019'],['Tata'],['Petrol'],['15780']
372,2016 Ford Ecosport 1.5 Petrol Trend,kolkata,27500 km•  Petrol•   Entally,4.99,suv,manual,dealer,first-owner,orange,['2016'],['Ford'],['Petrol'],['27500']
373,2018 Hyundai Creta 1.6 VTVT SX Plus Dual Tone,kolkata,10000 km•  Petrol,12.35,suv,manual,individual,first-owner,orange,['2018'],['Hyundai'],['Petrol'],['10000']
374,2015 Mahindra XUV500 Xclusive Edition,kolkata,60000 km•  Diesel•   Vaishya Sabha,9.99,suv,manual,dealer,first-owner,violet,['2015'],['Mahindra'],['Diesel'],['60000']
375,2016 Maruti Vitara Brezza ZDi Plus Dual Tone,kolkata,40000 km•  Diesel,7,suv,manual,individual,first-owner,yellow,['2016'],['Maruti'],['Diesel'],['40000']
376,2017 Porsche Cayman S,kolkata,18100 km•  Petrol•   Vaishya Sabha,59.99,luxury,manual,dealer,first-owner,yellow,['2017'],['Porsche'],['Petrol'],['18100']
377,2015 Honda Mobilio V Option i-VTEC,kolkata,55000 km•  Petrol•   Ballygunge,5.25,muv,manual,dealer,first-owner,white,['2015'],['Honda'],['Petrol'],['55000']
378,2015 Toyota Innova 2.5 GX (Diesel) 8 Seater BS IV,kolkata,45000 km•  Diesel•   Salt Lake City,8.99,muv,manual,dealer,first-owner,white,['2015'],['Toyota'],['Diesel'],['45000']
379,2016 Toyota Innova 2.5 EV (Diesel) PS 8 Seater BS IV,kolkata,80212 km•  Diesel•   Kalighat,8.5,muv,manual,dealer,first-owner,white,['2016'],['Toyota'],['Diesel'],['80212']
380,2013 Nissan Evalia XV,kolkata,55200 km•  Diesel•   Kolkatta GPO,3.69,muv,manual,dealer,first-owner,white,['2013'],['Nissan'],['Diesel'],['55200']
381,2014 Maruti Ertiga VDI,kolkata,55000 km•  Diesel•   New Alipore,5.15,muv,manual,dealer,first-owner,white,['2014'],['Maruti'],['Diesel'],['55000']
382,2014 Maruti Ertiga VDI,kolkata,56000 km•  Diesel•   New Alipore,5.1,muv,manual,dealer,first-owner,white,['2014'],['Maruti'],['Diesel'],['56000']
383,2012 Mahindra Bolero SLX,kolkata,70000 km•  Diesel•   Baguihati Big Bazar,3.25,muv,manual,dealer,second-owner,white,['2012'],['Mahindra'],['Diesel'],['70000']
384,2011 Toyota Innova 2.5 V Diesel 8-seater,kolkata,88000 km•  Diesel•   Desh Bandhu Nagar,7.25,muv,manual,dealer,first-owner,silver,['2011'],['Toyota'],['Diesel'],['88000']
385,2009 Toyota Innova 2.5 GX 8 STR,kolkata,80171 km•  Diesel•   Kasba,4.5,muv,manual,dealer,first-owner,silver,['2009'],['Toyota'],['Diesel'],['80171']
386,2012 Toyota Innova 2.5 GX (Diesel) 8 Seater BS IV,kolkata,99161 km•  Diesel•   Kasba,7,muv,manual,dealer,first-owner,silver,['2012'],['Toyota'],['Diesel'],['99161']
387,2009 Toyota Innova 2.5 V Diesel 8-seater,kolkata,155000 km•  Diesel•   Desh Bandhu Nagar,5.25,muv,manual,dealer,first-owner,silver,['2009'],['Toyota'],['Diesel'],['155000']
388,2011 Toyota Innova 2.5 G (Diesel) 7 Seater,kolkata,85000 km•  Diesel•   Bhowanipore,4.5,muv,manual,dealer,first-owner,silver,['2011'],['Toyota'],['Diesel'],['85000']
389,2014 Toyota Innova 2.5 V Diesel 8-seater,kolkata,75000 km•  Diesel•   Bhowanipore,7.99,muv,manual,dealer,first-owner,silver,['2014'],['Toyota'],['Diesel'],['75000']
390,2006 Toyota Innova 2.0 G1,kolkata,99000 km•  Petrol•   Vaishya Sabha,3.99,muv,manual,dealer,first-owner,silver,['2006'],['Toyota'],['Petrol'],['99000']
391,2017 Maruti Ertiga VXI,kolkata,9184 km•  Petrol•   Netaji Nagar,7.25,muv,manual,dealer,first-owner,silver,['2017'],['Maruti'],['Petrol'],['9184']
392,2007 Toyota Innova 2.5 V Diesel 7-seater,kolkata,110000 km•  Diesel•   Ballygunge,3.95,muv,manual,dealer,first-owner,silver,['2007'],['Toyota'],['Diesel'],['110000']
393,2010 Toyota Innova 2.5 G (Diesel) 8 Seater BS IV,kolkata,80000 km•  Diesel,5.45,muv,manual,individual,first-owner,silver,['2010'],['Toyota'],['Diesel'],['80000']
394,2010 Toyota Innova 2.5 V Diesel 7-seater,kolkata,139000 km•  Diesel•   Sealdah,4.25,muv,manual,dealer,second-owner,silver,['2010'],['Toyota'],['Diesel'],['139000']
395,2011 Chevrolet Tavera Neo 3 10 Seats BSIV,kolkata,85000 km•  Diesel,2.5,muv,manual,individual,second-owner,red,['2011'],['Chevrolet'],['Diesel'],['85000']
396,2018 Maruti Ertiga SHVS VDI,kolkata,45000 km•  Diesel•   Desh Bandhu Nagar,8.25,muv,manual,dealer,first-owner,blue,['2018'],['Maruti'],['Diesel'],['45000']
397,2013 Nissan Evalia XV,kolkata,14051 km•  Diesel•   Kalikapur,5.65,muv,manual,dealer,first-owner,blue,['2013'],['Nissan'],['Diesel'],['14051']
398,2016 Maruti Ertiga BSIV VXI,kolkata,34000 km•  Petrol,6.6,muv,manual,individual,second-owner,blue,['2016'],['Maruti'],['Petrol'],['34000']
399,2015 Maruti Omni MPI STD BSIV,kolkata,80000 km•  Petrol,2,minivan,manual,individual,first-owner,white,['2015'],['Maruti'],['Petrol'],['80000']
400,2012 Maruti Eeco 5 Seater AC BSIV,kolkata,50000 km•  Petrol,1.9,minivan,manual,individual,third-owner-or-more,white,['2012'],['Maruti'],['Petrol'],['50000']
401,2011 Maruti Eeco 7 Seater Standard BSIV,kolkata,70000 km•  Petrol•   Baguihati Big Bazar,1.5,minivan,manual,dealer,first-owner,silver,['2011'],['Maruti'],['Petrol'],['70000']
402,2013 Maruti Eeco 5 Seater AC BSIV,kolkata,39000 km•  Petrol•   New Alipore,2.75,minivan,manual,dealer,first-owner,silver,['2013'],['Maruti'],['Petrol'],['39000']
403,2006 Maruti Versa DX,kolkata,49586 km•  Petrol•   Salt Lake City,1.39,minivan,manual,dealer,first-owner,black,['2006'],['Maruti'],['Petrol'],['49586']
404,2017 Porsche Cayman S,kolkata,18100 km•  Petrol•   Vaishya Sabha,59.99,coupe,manual,dealer,first-owner,yellow,['2017'],['Porsche'],['Petrol'],['18100']
405,2013 Honda Accord 2.4 A/T,kolkata,33000 km•  Petrol•   Kalighat,5.95,sedan,automatic,dealer,first-owner,white,['2013'],['Honda'],['Petrol'],['33000']
406,2015 Audi A6 2.0 TDI  Design Edition,kolkata,29000 km•  Diesel•   Salt Lake City,21.5,sedan,automatic,dealer,first-owner,white,['2015'],['Audi'],['Diesel'],['29000']
407,2013 Audi A4 2.0 TDI,kolkata,33100 km•  Diesel•   Ramkrishna Park,14.51,sedan,automatic,dealer,first-owner,white,['2013'],['Audi'],['Diesel'],['33100']
408,2013 Audi A4 2.0 TDI,kolkata,33000 km•  Diesel•   Kalighat,14.41,sedan,automatic,dealer,first-owner,white,['2013'],['Audi'],['Diesel'],['33000']
409,2015 Mercedes-Benz New C-Class 220 CDI AT,kolkata,54000 km•  Diesel•   Vaishya Sabha,24.99,sedan,automatic,dealer,first-owner,white,['2015'],['Mercedes-Benz'],['Diesel'],['54000']
410,2011 Audi A6 2.7 TDI,kolkata,54000 km•  Diesel•   Salt Lake City,11.25,sedan,automatic,dealer,first-owner,white,['2011'],['Audi'],['Diesel'],['54000']
411,2015 BMW 3 Series 320d,kolkata,30000 km•  Diesel•   Salt Lake City,21.5,sedan,automatic,dealer,first-owner,white,['2015'],['BMW'],['Diesel'],['30000']
412,2009 Mercedes-Benz New C-Class 200 K AT,kolkata,43000 km•  Petrol•   Kalikapur,7.99,sedan,automatic,dealer,first-owner,white,['2009'],['Mercedes-Benz'],['Petrol'],['43000']
413,2013 Audi A4 2.0 TDI 177 Bhp Premium Plus,kolkata,48000 km•  Diesel•   Vaishya Sabha,14.99,sedan,automatic,dealer,first-owner,white,['2013'],['Audi'],['Diesel'],['48000']
414,2008 BMW 5 Series 525i Sedan,kolkata,50000 km•  Petrol•   Chowbhanga,8.35,sedan,automatic,dealer,first-owner,white,['2008'],['BMW'],['Petrol'],['50000']
415,2013 Hyundai Verna SX AT Diesel,kolkata,53500 km•  Diesel•   Entally,4.65,sedan,automatic,dealer,second-owner,white,['2013'],['Hyundai'],['Diesel'],['53500']
416,2014 Honda City i VTEC CVT SV,kolkata,60000 km•  Petrol,6.5,sedan,automatic,individual,second-owner,white,['2014'],['Honda'],['Petrol'],['60000']
417,2010 Audi A6 2.7 TDI,kolkata,39000 km•  Diesel,10.5,sedan,automatic,individual,second-owner,white,['2010'],['Audi'],['Diesel'],['39000']
418,2011 BMW 3 Series 320i,kolkata,10000 km•  Petrol•   Council House Street,9,sedan,automatic,dealer,first-owner,silver,['2011'],['BMW'],['Petrol'],['10000']
419,2012 Mercedes-Benz E-Class E 220 CDI Avantgarde,kolkata,48000 km•  Diesel•   Kalighat,12.99,sedan,automatic,dealer,first-owner,silver,['2012'],['Mercedes-Benz'],['Diesel'],['48000']
420,2011 Mercedes-Benz E-Class E250 CDI Blue Efficiency,kolkata,23000 km•  Diesel•   Salt Lake City,12.25,sedan,automatic,dealer,first-owner,silver,['2011'],['Mercedes-Benz'],['Diesel'],['23000']
421,2011 Audi A4 2.0 TDI,kolkata,33860 km•  Diesel•   Kalighat,10.45,sedan,automatic,dealer,first-owner,silver,['2011'],['Audi'],['Diesel'],['33860']
422,2009 Audi A4 2.0 TDI,kolkata,34010 km•  Diesel•   Ballygunge,8.5,sedan,automatic,dealer,first-owner,silver,['2009'],['Audi'],['Diesel'],['34010']
423,2012 Skoda Rapid 1.6 MPI AT Ambition Plus,kolkata,60000 km•  Petrol,2.9,sedan,automatic,individual,first-owner,silver,['2012'],['Skoda'],['Petrol'],['60000']
424,2016 Skoda Octavia Style Plus 2.0 TDI AT,kolkata,80000 km•  Diesel,11,sedan,automatic,individual,second-owner,silver,['2016'],['Skoda'],['Diesel'],['80000']
425,2013 Audi A4 2.0 TDI,kolkata,62111 km•  Diesel•   Vaishya Sabha,13.99,sedan,automatic,dealer,first-owner,red,['2013'],['Audi'],['Diesel'],['62111']
426,2013 Audi A4 2.0 TDI Premium Sport Limited Edition,kolkata,62100 km•  Diesel•   Vaishya Sabha,13.99,sedan,automatic,dealer,first-owner,red,['2013'],['Audi'],['Diesel'],['62100']
427,2013 Audi A4 35 TDI Premium Sport,kolkata,62000 km•  Diesel•   Vaishya Sabha,13.99,sedan,automatic,dealer,first-owner,red,['2013'],['Audi'],['Diesel'],['62000']
428,2013 BMW 3 Series 320d Sport Line,kolkata,20000 km•  Diesel,19.5,sedan,automatic,individual,first-owner,red,['2013'],['BMW'],['Diesel'],['20000']
429,2015 BMW 3 Series 330i GT M Sport,kolkata,39000 km•  Petrol•   Ballygunge,18.9,sedan,automatic,dealer,first-owner,blue,['2015'],['BMW'],['Petrol'],['39000']
430,2015 Volkswagen Vento Sport 1.5 TDI AT,kolkata,47000 km•  Diesel•   Kalighat,5.95,sedan,automatic,dealer,first-owner,blue,['2015'],['Volkswagen'],['Diesel'],['47000']
431,2014 Audi A4 2.0 TDI Multitronic,kolkata,30500 km•  Diesel•   Salt Lake City,17.8,sedan,automatic,dealer,first-owner,blue,['2014'],['Audi'],['Diesel'],['30500']
432,2016 BMW 5 Series 520d,kolkata,24000 km•  Diesel•   Vaishya Sabha,24.99,sedan,automatic,dealer,first-owner,blue,['2016'],['BMW'],['Diesel'],['24000']
433,2014 Audi A6 2.0 TDI Premium Plus,kolkata,60000 km•  Diesel•   Vaishya Sabha,16.99,sedan,automatic,dealer,first-owner,blue,['2014'],['Audi'],['Diesel'],['60000']
434,2019 BMW 3 Series 320d Luxury Line,kolkata,5448 km•  Diesel•   Vaishya Sabha,29.99,sedan,automatic,dealer,first-owner,blue,['2019'],['BMW'],['Diesel'],['5448']
435,2006 BMW 7 Series 730Ld,kolkata,30000 km•  Diesel•   Chakjot Shibrampur,10.39,sedan,automatic,dealer,first-owner,blue,['2006'],['BMW'],['Diesel'],['30000']
436,2018 BMW 5 Series 520d Luxury Line,kolkata,2566 km•  Diesel•   Kolkatta GPO,46.99,sedan,automatic,dealer,first-owner,blue,['2018'],['BMW'],['Diesel'],['2566']
437,2016 Hyundai Xcent 1.2 Kappa SX Option AT,kolkata,60000 km•  Petrol,4.75,sedan,automatic,individual,first-owner,blue,['2016'],['Hyundai'],['Petrol'],['60000']
438,2019 Volkswagen Vento 1.5 TDI Highline Plus AT BSIV,kolkata,16400 km•  Diesel,10.4,sedan,automatic,individual,first-owner,blue,['2019'],['Volkswagen'],['Diesel'],['16400']
439,2019 Audi A6 2.0 TFSI Technology,kolkata,6500 km•  Petrol•   Giripur,54,sedan,automatic,dealer,unregistered,black,['2019'],['Audi'],['Petrol'],['6500']
440,2013 Honda Accord 2.4 A/T,kolkata,48000 km•  Petrol•   Chowbhanga,5.8,sedan,automatic,dealer,first-owner,black,['2013'],['Honda'],['Petrol'],['48000']
441,2014 Jaguar XF 2.2 Litre Luxury,kolkata,19000 km•  Diesel•   Ballygunge,21,sedan,automatic,dealer,first-owner,black,['2014'],['Jaguar'],['Diesel'],['19000']
442,2018 Audi A6 35 TFSI Matrix,kolkata,20000 km•  Petrol•   Vaishya Sabha,39.99,sedan,automatic,dealer,first-owner,black,['2018'],['Audi'],['Petrol'],['20000']
443,2005 Mercedes-Benz E-Class E240 V6 AT,kolkata,123374 km•  Petrol•   Ramkrishna Park,5.51,sedan,automatic,dealer,first-owner,black,['2005'],['Mercedes-Benz'],['Petrol'],['123374']
444,2011 Mercedes-Benz E-Class E250 CDI Elegance,kolkata,49600 km•  Diesel•   Vaishya Sabha,9.99,sedan,automatic,dealer,first-owner,brown,['2011'],['Mercedes-Benz'],['Diesel'],['49600']
445,2018 Renault KWID AMT RXL,kolkata,1186 km•  Petrol•   Kalighat,4.05,hatchback,automatic,dealer,first-owner,white,['2018'],['Renault'],['Petrol'],['1186']
446,2015 Mercedes-Benz B Class B180 CDI,kolkata,7900 km•  Diesel•   Council House Street,12.95,hatchback,automatic,dealer,first-owner,white,['2015'],['Mercedes-Benz'],['Diesel'],['7900']
447,2013 Honda Brio AT,kolkata,21000 km•  Petrol,3.75,hatchback,automatic,individual,first-owner,white,['2013'],['Honda'],['Petrol'],['21000']
448,2015 Hyundai Grand i10 Asta Option AT,kolkata,21136 km•  Petrol•   Beleghata,4.5,hatchback,automatic,dealer,first-owner,silver,['2015'],['Hyundai'],['Petrol'],['21136']
449,2013 Mercedes-Benz B Class B200 Sport CDI,kolkata,28000 km•  Diesel•   Ballygunge,10.9,hatchback,automatic,dealer,first-owner,red,['2013'],['Mercedes-Benz'],['Diesel'],['28000']
450,2015 Mercedes-Benz A Class A180 CDI,kolkata,24000 km•  Diesel•   Ballygunge,14.5,hatchback,automatic,dealer,first-owner,red,['2015'],['Mercedes-Benz'],['Diesel'],['24000']
451,2017 Renault KWID Climber 1.0 AMT,kolkata,27654 km•  Petrol•   Kalighat,3.55,hatchback,automatic,dealer,first-owner,blue,['2017'],['Renault'],['Petrol'],['27654']
452,2017 Maruti Ignis 1.2 AMT Delta BSIV,kolkata,35000 km•  Petrol,4.75,hatchback,automatic,individual,first-owner,blue,['2017'],['Maruti'],['Petrol'],['35000']
453,2017 Honda Jazz V CVT,kolkata,18000 km•  Petrol,6,hatchback,automatic,individual,first-owner,brown,['2017'],['Honda'],['Petrol'],['18000']
454,2016 Hyundai Creta 1.6 VTVT AT SX Plus,kolkata,39000 km•  Petrol•   Kalighat,8.75,suv,automatic,dealer,first-owner,white,['2016'],['Hyundai'],['Petrol'],['39000']
455,2012 Audi Q5 2.0 TDI Premium Plus,kolkata,69000 km•  Diesel•   Ramkrishna Park,14.51,suv,automatic,dealer,first-owner,white,['2012'],['Audi'],['Diesel'],['69000']
456,2015 Mercedes-Benz M-Class ML 250 CDI,kolkata,35000 km•  Diesel•   Salt Lake City,32.5,suv,automatic,dealer,first-owner,white,['2015'],['Mercedes-Benz'],['Diesel'],['35000']
457,2011 Audi Q5 2.0 TDI,kolkata,69000 km•  Diesel•   Vaishya Sabha,13.99,suv,automatic,dealer,first-owner,white,['2011'],['Audi'],['Diesel'],['69000']
458,2016 Hyundai Creta 1.6 SX Automatic,kolkata,40000 km•  Petrol•   Bhowanipore,8.49,suv,automatic,dealer,first-owner,white,['2016'],['Hyundai'],['Petrol'],['40000']
459,2012 Audi Q5 2.0 TDI Premium Plus,kolkata,65000 km•  Diesel•   Kalighat,13.35,suv,automatic,dealer,first-owner,white,['2012'],['Audi'],['Diesel'],['65000']
460,2011 BMW X1 sDrive20d xLine,kolkata,46698 km•  Diesel•   Lake Gardens,8.2,suv,automatic,dealer,first-owner,white,['2011'],['BMW'],['Diesel'],['46698']
461,2014 Audi Q3 35 TDI Quattro Premium Plus,kolkata,40000 km•  Diesel•   Salt Lake City,16.85,suv,automatic,dealer,first-owner,white,['2014'],['Audi'],['Diesel'],['40000']
462,2016 Ford EcoSport 1.5 Ti VCT AT Titanium,kolkata,48000 km•  Petrol•   Northern Avenue,6.75,suv,automatic,dealer,first-owner,silver,['2016'],['Ford'],['Petrol'],['48000']
463,2013 BMW X1 sDrive20d,kolkata,19000 km•  Diesel•   Ballygunge,8.9,suv,automatic,dealer,first-owner,silver,['2013'],['BMW'],['Diesel'],['19000']
464,2013 Honda CR-V 2.4L 4WD AT AVN,kolkata,55000 km•  Petrol•   Ballygunge,8.9,suv,automatic,dealer,first-owner,silver,['2013'],['Honda'],['Petrol'],['55000']
465,2013 Porsche Cayenne Diesel,kolkata,36500 km•  Diesel•   Entally,32.55,suv,automatic,dealer,second-owner,silver,['2013'],['Porsche'],['Diesel'],['36500']
466,2019 Hyundai Venue SX Plus Turbo DCT BSIV,kolkata,30000 km•  Petrol,10.5,suv,automatic,individual,first-owner,red,['2019'],['Hyundai'],['Petrol'],['30000']
467,2017 Maruti Vitara Brezza ZDi Plus AMT Dual Tone,kolkata,20000 km•  Diesel,9,suv,automatic,individual,first-owner,blue,['2017'],['Maruti'],['Diesel'],['20000']
468,2012 Honda CR-V 2.4L 4WD AT,kolkata,50171 km•  Petrol•   Kasba,7.5,suv,automatic,dealer,first-owner,black,['2012'],['Honda'],['Petrol'],['50171']
469,2018 Ford Ecosport 1.5 Petrol Titanium Plus AT,kolkata,14000 km•  Petrol•   Chowbhanga,9.1,suv,automatic,dealer,first-owner,black,['2018'],['Ford'],['Petrol'],['14000']
470,2018 Mahindra Alturas G4 4X4 AT BSIV,kolkata,12000 km•  Diesel,27,suv,automatic,individual,first-owner,black,['2018'],['Mahindra'],['Diesel'],['12000']
471,2013 Audi Q5 2.0 TDI Technology,kolkata,45000 km•  Diesel•   Chowbhanga,17.5,suv,automatic,dealer,first-owner,brown,['2013'],['Audi'],['Diesel'],['45000']
472,2014 Audi Q5 2.0 TDI Premium Plus,kolkata,35000 km•  Diesel•   Salt Lake City,24.15,suv,automatic,dealer,first-owner,brown,['2014'],['Audi'],['Diesel'],['35000']
473,2016 Mahindra XUV500 AT W8 FWD,kolkata,60000 km•  Diesel,9.5,suv,automatic,individual,first-owner,brown,['2016'],['Mahindra'],['Diesel'],['60000']
474,2017 Renault Duster RXZ 110PS AMT BSIV,kolkata,20171 km•  Diesel•   Kasba,7.5,suv,automatic,dealer,first-owner,orange,['2017'],['Renault'],['Diesel'],['20171']
475,2015 Audi A6 2.0 TDI  Design Edition,kolkata,29000 km•  Diesel•   Salt Lake City,21.5,luxury,automatic,dealer,first-owner,white,['2015'],['Audi'],['Diesel'],['29000']
476,2015 Mercedes-Benz New C-Class 220 CDI AT,kolkata,54000 km•  Diesel•   Vaishya Sabha,24.99,luxury,automatic,dealer,first-owner,white,['2015'],['Mercedes-Benz'],['Diesel'],['54000']
477,2011 Audi A6 2.7 TDI,kolkata,54000 km•  Diesel•   Salt Lake City,11.25,luxury,automatic,dealer,first-owner,white,['2011'],['Audi'],['Diesel'],['54000']
478,2010 BMW Z4 35i DPT,kolkata,17100 km•  Petrol•   Vaishya Sabha,28,luxury,automatic,dealer,first-owner,white,['2010'],['BMW'],['Petrol'],['17100']
479,2010 BMW Z4 35i DPT,kolkata,17000 km•  Petrol•   Vaishya Sabha,28,luxury,automatic,dealer,first-owner,white,['2010'],['BMW'],['Petrol'],['17000']
480,2011 BMW 5 Series 523i Sedan,kolkata,38000 km•  Petrol•   Kalighat,10.75,luxury,automatic,dealer,first-owner,white,['2011'],['BMW'],['Petrol'],['38000']
481,2012 Audi Q5 2.0 TDI Premium Plus,kolkata,69000 km•  Diesel•   Ramkrishna Park,14.51,luxury,automatic,dealer,first-owner,white,['2012'],['Audi'],['Diesel'],['69000']
482,2015 BMW 3 Series 320d,kolkata,30000 km•  Diesel•   Salt Lake City,21.5,luxury,automatic,dealer,first-owner,white,['2015'],['BMW'],['Diesel'],['30000']
483,2009 Mercedes-Benz New C-Class 200 K AT,kolkata,43000 km•  Petrol•   Kalikapur,7.99,luxury,automatic,dealer,first-owner,white,['2009'],['Mercedes-Benz'],['Petrol'],['43000']
484,2013 Audi A4 2.0 TDI 177 Bhp Premium Plus,kolkata,48000 km•  Diesel•   Vaishya Sabha,14.99,luxury,automatic,dealer,first-owner,white,['2013'],['Audi'],['Diesel'],['48000']
485,2015 Mercedes-Benz M-Class ML 250 CDI,kolkata,35000 km•  Diesel•   Salt Lake City,32.5,luxury,automatic,dealer,first-owner,white,['2015'],['Mercedes-Benz'],['Diesel'],['35000']
486,2008 BMW 5 Series 525i Sedan,kolkata,50000 km•  Petrol•   Chowbhanga,8.35,luxury,automatic,dealer,first-owner,white,['2008'],['BMW'],['Petrol'],['50000']
487,2011 Audi Q5 2.0 TDI,kolkata,69000 km•  Diesel•   Vaishya Sabha,13.99,luxury,automatic,dealer,first-owner,white,['2011'],['Audi'],['Diesel'],['69000']
488,2015 Mercedes-Benz B Class B180 CDI,kolkata,7900 km•  Diesel•   Council House Street,12.95,luxury,automatic,dealer,first-owner,white,['2015'],['Mercedes-Benz'],['Diesel'],['7900']
489,2012 Audi Q5 2.0 TDI Premium Plus,kolkata,65000 km•  Diesel•   Kalighat,13.35,luxury,automatic,dealer,first-owner,white,['2012'],['Audi'],['Diesel'],['65000']
490,2014 Audi Q3 35 TDI Quattro Premium Plus,kolkata,40000 km•  Diesel•   Salt Lake City,16.85,luxury,automatic,dealer,first-owner,white,['2014'],['Audi'],['Diesel'],['40000']
491,2010 Audi A6 2.7 TDI,kolkata,39000 km•  Diesel,10.5,luxury,automatic,individual,second-owner,white,['2010'],['Audi'],['Diesel'],['39000']
492,2011 BMW 3 Series 320i,kolkata,10000 km•  Petrol•   Council House Street,9,luxury,automatic,dealer,first-owner,silver,['2011'],['BMW'],['Petrol'],['10000']
493,2012 Mercedes-Benz E-Class E 220 CDI Avantgarde,kolkata,48000 km•  Diesel•   Kalighat,12.99,luxury,automatic,dealer,first-owner,silver,['2012'],['Mercedes-Benz'],['Diesel'],['48000']
494,2011 Mercedes-Benz E-Class E250 CDI Blue Efficiency,kolkata,23000 km•  Diesel•   Salt Lake City,12.25,luxury,automatic,dealer,first-owner,silver,['2011'],['Mercedes-Benz'],['Diesel'],['23000']
495,2013 BMW X1 sDrive20d,kolkata,19000 km•  Diesel•   Ballygunge,8.9,luxury,automatic,dealer,first-owner,silver,['2013'],['BMW'],['Diesel'],['19000']
496,2013 Mercedes-Benz B Class B200 Sport CDI,kolkata,28000 km•  Diesel•   Ballygunge,10.9,luxury,automatic,dealer,first-owner,red,['2013'],['Mercedes-Benz'],['Diesel'],['28000']
497,2012 Audi R8 4.2 FSI Quattro R Tronic,kolkata,13100 km•  Petrol•   Vaishya Sabha,75,luxury,automatic,dealer,first-owner,red,['2012'],['Audi'],['Petrol'],['13100']
498,2012 Audi R8 4.2 FSI Quattro R Tronic,kolkata,13000 km•  Petrol•   Vaishya Sabha,75,luxury,automatic,dealer,first-owner,red,['2012'],['Audi'],['Petrol'],['13000']
499,2013 Audi A4 2.0 TDI Premium Sport Limited Edition,kolkata,62100 km•  Diesel•   Vaishya Sabha,13.99,luxury,automatic,dealer,first-owner,red,['2013'],['Audi'],['Diesel'],['62100']
500,2013 Audi A4 35 TDI Premium Sport,kolkata,62000 km•  Diesel•   Vaishya Sabha,13.99,luxury,automatic,dealer,first-owner,red,['2013'],['Audi'],['Diesel'],['62000']
501,2015 Mercedes-Benz A Class A180 CDI,kolkata,24000 km•  Diesel•   Ballygunge,14.5,luxury,automatic,dealer,first-owner,red,['2015'],['Mercedes-Benz'],['Diesel'],['24000']
502,2013 BMW 3 Series 320d Sport Line,kolkata,20000 km•  Diesel,19.5,luxury,automatic,individual,first-owner,red,['2013'],['BMW'],['Diesel'],['20000']
503,2015 BMW 3 Series 330i GT M Sport,kolkata,39000 km•  Petrol•   Ballygunge,18.9,luxury,automatic,dealer,first-owner,blue,['2015'],['BMW'],['Petrol'],['39000']
504,2014 Audi A4 2.0 TDI Multitronic,kolkata,30500 km•  Diesel•   Salt Lake City,17.8,luxury,automatic,dealer,first-owner,blue,['2014'],['Audi'],['Diesel'],['30500']
505,2016 BMW 5 Series 520d,kolkata,24000 km•  Diesel•   Vaishya Sabha,24.99,luxury,automatic,dealer,first-owner,blue,['2016'],['BMW'],['Diesel'],['24000']
506,2014 Audi A6 2.0 TDI Premium Plus,kolkata,60000 km•  Diesel•   Vaishya Sabha,16.99,luxury,automatic,dealer,first-owner,blue,['2014'],['Audi'],['Diesel'],['60000']
507,2019 BMW 3 Series 320d Luxury Line,kolkata,5448 km•  Diesel•   Vaishya Sabha,29.99,luxury,automatic,dealer,first-owner,blue,['2019'],['BMW'],['Diesel'],['5448']
508,2006 BMW 7 Series 730Ld,kolkata,30000 km•  Diesel•   Chakjot Shibrampur,10.39,luxury,automatic,dealer,first-owner,blue,['2006'],['BMW'],['Diesel'],['30000']
509,2018 BMW 5 Series 520d Luxury Line,kolkata,2566 km•  Diesel•   Kolkatta GPO,46.99,luxury,automatic,dealer,first-owner,blue,['2018'],['BMW'],['Diesel'],['2566']
510,2019 Audi A6 2.0 TFSI Technology,kolkata,6500 km•  Petrol•   Giripur,54,luxury,automatic,dealer,unregistered,black,['2019'],['Audi'],['Petrol'],['6500']
511,2014 Jaguar XF 2.2 Litre Luxury,kolkata,19000 km•  Diesel•   Ballygunge,21,luxury,automatic,dealer,first-owner,black,['2014'],['Jaguar'],['Diesel'],['19000']
512,2018 Audi A6 35 TFSI Matrix,kolkata,20000 km•  Petrol•   Vaishya Sabha,39.99,luxury,automatic,dealer,first-owner,black,['2018'],['Audi'],['Petrol'],['20000']
513,2011 Audi A8 L 3.0 TDI quattro,kolkata,22000 km•  Diesel•   Vaishya Sabha,24.99,luxury,automatic,dealer,first-owner,black,['2011'],['Audi'],['Diesel'],['22000']
514,2005 Mercedes-Benz E-Class E240 V6 AT,kolkata,123374 km•  Petrol•   Ramkrishna Park,5.51,luxury,automatic,dealer,first-owner,black,['2005'],['Mercedes-Benz'],['Petrol'],['123374']
515,2013 Audi Q5 2.0 TDI Technology,kolkata,45000 km•  Diesel•   Chowbhanga,17.5,luxury,automatic,dealer,first-owner,brown,['2013'],['Audi'],['Diesel'],['45000']
516,2014 Audi Q5 2.0 TDI Premium Plus,kolkata,35000 km•  Diesel•   Salt Lake City,24.15,luxury,automatic,dealer,first-owner,brown,['2014'],['Audi'],['Diesel'],['35000']
517,2011 Mercedes-Benz E-Class E250 CDI Elegance,kolkata,49600 km•  Diesel•   Vaishya Sabha,9.99,luxury,automatic,dealer,first-owner,brown,['2011'],['Mercedes-Benz'],['Diesel'],['49600']
518,2010 BMW Z4 35i DPT,kolkata,17100 km•  Petrol•   Vaishya Sabha,28,convertible,automatic,dealer,first-owner,white,['2010'],['BMW'],['Petrol'],['17100']
519,2010 BMW Z4 35i DPT,kolkata,17000 km•  Petrol•   Vaishya Sabha,28,convertible,automatic,dealer,first-owner,white,['2010'],['BMW'],['Petrol'],['17000']
520,2012 Audi R8 4.2 FSI Quattro R Tronic,kolkata,13100 km•  Petrol•   Vaishya Sabha,75,coupe,automatic,dealer,first-owner,red,['2012'],['Audi'],['Petrol'],['13100']
521,2012 Audi R8 4.2 FSI Quattro R Tronic,kolkata,13000 km•  Petrol•   Vaishya Sabha,75,coupe,automatic,dealer,first-owner,red,['2012'],['Audi'],['Petrol'],['13000']
